Name,Email,Phone,Company,City
Holly Nelson,aguilarwilliam@example.org,001-925-885-5105x4330,"Lucas, Garcia and Hurst",New Victoria
James White,yestrada@example.net,382.982.8162x832,Small-Jenkins,New Monica
Lisa Adams,warrenlauren@example.net,382-368-0050,Hubbard-Bridges,Barkerchester
Carrie Martinez,monicavillarreal@example.net,619-718-1948x0717,Anderson and Sons,Kristystad
Richard Ryan,kellygonzalez@example.net,880.733.3008,Sullivan LLC,South Curtisberg
Jennifer Jackson,stephanie39@example.com,+1-741-569-4796x17072,Webb-Payne,Keithborough
Jonathan Castro,spencerkaren@example.net,+1-200-348-8313x380,"Spencer, Bartlett and Preston",Katherineshire
Jesus Mckinney,russellwalker@example.net,(662)950-9968x8126,Fischer-Nguyen,North Lisa
Anthony Barr,annamalone@example.net,001-203-723-2455x3081,Payne Inc,Lewisstad
Angela Moore,amathews@example.net,482.756.2756x9730,"Herrera, Fisher and Campbell",Sandersberg
Sarah Payne,garciamichelle@example.net,9907156151,Zimmerman-Wilson,North Jean
Sarah Barrett,rebecca89@example.org,(564)211-7134x83540,"White, Steele and Pollard",West Stephaniefurt
Vincent Reynolds,davisdanielle@example.org,001-850-847-8541x3605,Mccoy PLC,North Patriciamouth
Scott Gordon,stephanie55@example.net,9356793171,Roberts Group,Port Jamesshire
Adrian Diaz,edwardponce@example.com,501-374-7496x38413,Miller PLC,North Samantha
Theresa Brewer,mcphersonteresa@example.com,474.502.3703x47504,Bennett-Pearson,West Shawnberg
Amanda Ryan,yangjoseph@example.org,902.501.2349x012,"Moody, Flores and Torres",Deckershire
Christian Johnson,karioneill@example.net,6569293906,Jones-Anderson,Hollyside
Cristian Hunt,rmartin@example.org,426-833-6872x90956,"Murillo, Williams and Harvey",Warebury
Jason Chandler,vparsons@example.net,+1-903-762-7556,"Benson, Cox and Spencer",Jacksonville
Aaron Morgan,charlespalmer@example.net,(242)800-1806,Howell-Hill,East Michaelview
Bradley Green,ucarr@example.org,963.587.8636,Kemp PLC,East Hectorville
Victoria Haley,rogeryates@example.org,974.935.7703x570,Krueger-Jordan,Bellbury
Angela Fisher,hernandezernest@example.com,001-778-994-5665x446,Lee Ltd,West Alexisberg
Lisa Diaz,pmooney@example.org,(782)226-6378,Carroll-Kennedy,South Bethhaven
Andrew Spencer,ronald31@example.net,(706)377-7848,Payne-Lewis,South Edwardville
Vicki Garcia,nunezsteven@example.org,685-387-6945,Miller-Benson,New Phyllis
Jim Lawson,collinsshawn@example.org,394.578.2873x4153,"Raymond, Webb and Floyd",Hansenside
Scott Jenkins,powersjennifer@example.net,496.390.3849x93882,"Brewer, Washington and Thomas",New Jorgeside
Jill Joyce,knoxjames@example.net,5264245522,Marks-Reese,Port Jason
Deanna Griffin,brett42@example.net,+1-780-366-4506x0772,Hubbard-Thompson,East Kristen
Molly Clark,eric15@example.net,958.475.3185,Hernandez-Smith,Stephaniehaven
Tracy Jordan,catherinescott@example.net,001-685-356-0116x80390,"Thomas, Williams and Lopez",North Bridgetside
Bradley Rogers,lewismark@example.net,441-683-5219,Stark LLC,Spencerborough
Miss Erin Larson,dawnnguyen@example.org,390.241.9363,"Smith, Cummings and Cunningham",West Kristen
Lisa Parker,torressherri@example.org,760.499.0701x639,Khan Ltd,New Victor
Robert Camacho,martinezbeverly@example.org,001-330-306-7789,"Garcia, Wilson and Steele",South Katelyn
Daniel Dawson,craigbryan@example.org,5215908009,Bradshaw Inc,Lake Lisa
Kathryn Davis,zgill@example.com,(225)488-5048,"Horn, Carter and Hensley",Allenton
Tammy Hayes,williamgoodwin@example.org,(276)315-3550x5784,"Chen, Young and Long",South Amy
Isaac Fox,garciasara@example.net,+1-584-329-0167x8690,"Perry, Shaw and Coleman",North Michael
Kelly Garrison,hwhite@example.org,001-954-720-8882x7124,Perez-Parker,Obrienborough
Jason Marshall,lampamela@example.com,001-310-567-7888x43624,Jenkins Ltd,South Denise
John Gardner,cassandra03@example.com,4749407622,Johnson-Hall,South Jeremyshire
Robin Yu,nsmith@example.net,(434)523-0996,"Taylor, Mayer and Walker",New Eric
Ryan Schroeder,njuarez@example.com,+1-398-485-6976x031,"Cherry, Sanders and Cunningham",North Tiffany
Elizabeth Shea DVM,ocoleman@example.com,(826)973-1829,Owen PLC,Johntown
Richard Lopez,dianeandersen@example.com,+1-661-339-1426,Martinez-Sloan,Cassandraville
Robert Miller,kaitlynjackson@example.com,(455)343-9730,"Rich, Mitchell and Moore",Port Kevinstad
Connie Bailey,kelly06@example.org,+1-966-863-2531x96011,Griffin Ltd,East Stephenville
Victoria Burnett,cheryl64@example.com,(638)638-7891x498,Harrison Group,Port Mary
Holly Bowen,tduarte@example.net,5968386001,"Ford, Dickerson and Scott",Julieberg
David Dixon,james19@example.net,916-391-0128x9995,"Flores, Morgan and Thomas",Port Logan
Ronald Daugherty,evansmegan@example.com,717-784-6592,Smith Ltd,Paulland
Keith Cannon,holly87@example.net,(967)209-7826x394,Price-Martin,Port Amanda
Dawn Vega,josepharroyo@example.com,001-640-417-2065x238,Powell-Myers,Leebury
Karen Craig,nguyenjeffrey@example.org,600.572.5791,"Sellers, Sweeney and Hansen",New Dawn
Amy Lopez,dalton01@example.net,001-875-986-9781x75001,"Taylor, Neal and Black",Aprilhaven
Kevin Johnson,montgomeryrachel@example.net,001-448-399-9651x5042,Underwood Ltd,Melanieview
James Owens,ifisher@example.net,+1-272-813-9235,Reynolds Ltd,Ricardoville
Raymond Travis,cjohns@example.net,755-415-6845x25522,Marshall-Gamble,East John
Jessica Richards,sharon26@example.org,510-262-8712x7959,Fernandez-Morgan,Nicholasberg
Gerald Wheeler,susan89@example.org,(941)254-2974x917,"Sellers, Sanchez and Mills",North Sarah
Michael Wilson,ryan14@example.net,956-670-3912x7846,Garcia-Mcbride,Lake Brandon
Sarah Mcintosh,amandamurphy@example.net,368.606.0263,Jackson and Sons,Billybury
Daniel Russell,mbright@example.org,+1-640-730-5968x7570,Cook and Sons,Richardfort
Gregory Moon,janicemorrison@example.net,628.662.1772x257,Contreras LLC,South Juanville
Jennifer Garrett,ehughes@example.com,516-364-7759,"Brown, Scott and Davis",West Sarahmouth
Dana Powers,farmerbeth@example.net,+1-655-379-8534x712,"Hill, Villanueva and Dillon",South Cathy
Susan Williams,petersgregory@example.org,(609)683-8050x5818,"Leblanc, Blackburn and Irwin",East Jorge
Lisa Martin,caitlinjones@example.net,+1-274-893-1021x78582,Roth LLC,Wernerfurt
Alicia Montes,russellandrade@example.org,4944038808,Carroll Ltd,Hatfieldshire
Billy Gray,robertsonmichael@example.com,7952954431,Berger-Butler,Port Robert
Timothy Delgado,reneerobinson@example.net,844-616-9746x768,Hughes-Ross,South Johnport
Nicholas Ruiz,rebecca02@example.net,+1-515-534-2237x43540,Rios-Ortiz,East Lauren
Ralph Hart,mtyler@example.org,447.312.2226x6678,Campbell Group,Douglashaven
Charles Guerrero,jennyevans@example.org,929-339-6927x3811,Smith-Wood,Hawkinsmouth
Lisa Rogers,melissamoore@example.net,(319)466-7193,"Adkins, Williams and Hicks",East Benjamin
Ian Barton,melissa04@example.org,001-746-452-9532x8495,"Howe, Black and James",Lopezfurt
Donna Ross,georgealvarez@example.org,266-641-7411x89069,Morales PLC,New Hollytown
Sara Mercado,simpsontammy@example.com,210-340-6724x13157,Adams-Webb,Kennedyland
Janice Johnson,brian88@example.net,777-955-4512x4345,Marshall-Evans,North Joseton
Rebecca Reynolds,vasquezdaniel@example.org,324-738-2209x540,"Barber, Lynch and Christensen",Atkinsborough
Patricia Dickerson,jorge27@example.net,(563)317-8168,Smith-Hopkins,North Loriton
Susan Wells,grahamdonald@example.net,420.820.0183x15549,Burnett-Ball,East Rickymouth
Brandi Browning,umitchell@example.net,001-921-794-1560x6980,"Franklin, Cox and Carney",Kempmouth
Sarah Smith,hrivas@example.net,201-570-4503,Romero-Warren,Aaronstad
Jaime Bell,nataliethomas@example.com,485.454.2331x696,Taylor Group,Leeton
Mark Stone,lorijefferson@example.net,(399)390-3324,Walker-Combs,Charlesburgh
Sarah Walker,xhansen@example.com,+1-910-711-3174x3513,Brown LLC,Williamsport
Connie Stafford,jacob88@example.net,480.813.2897,"Dunn, Ramos and Garcia",West Scotthaven
Jonathan Adkins,jennifer89@example.net,(381)321-9962,Gonzalez Inc,Cameronhaven
Vincent Hebert,reedlaura@example.com,001-338-891-1651x621,Mejia-Payne,Port Kathychester
Carlos Burgess,shermanlarry@example.org,(840)731-2568x940,Mccann-Wiggins,Davisberg
Heather Phillips,andrewfields@example.com,(316)856-0015x25134,Clark Inc,Atkinsside
Jessica Decker,penajeremy@example.org,+1-471-484-8021x52472,Matthews-Wilson,Brownhaven
Angela Yang,ccoleman@example.com,5512680209,"White, Russell and Hunt",Perrystad
Brenda Gallegos,christopher49@example.com,417-538-3565x46780,"Fischer, Rivera and Lopez",New Williamchester
Timothy Williams,gregorycole@example.com,2083426456,Edwards-Avila,Dawnfort
David Garcia,tiffany56@example.com,2272560253,"Andersen, Smith and Wells",Lake Lisafurt
Monica Galloway DDS,lesliemorris@example.org,+1-439-266-8141x46832,"Vance, Gregory and Smith",New Ray
Jessica Gill,thomasstephens@example.com,+1-779-377-5185x672,Barnes PLC,Davidfort
Sarah Monroe,wilsonjoanna@example.com,988.372.1753x637,Frazier Inc,Lake Rodneyton
Deborah Williams,zkemp@example.com,627.722.2284x39537,"Kelly, Weaver and Brooks",Teresafurt
Garrett Beasley,sarahwilkinson@example.net,852-765-5082x6042,"Rios, Carr and Sanchez",Wandastad
Lauren Wallace,beckerstephen@example.net,+1-687-980-4402x7444,Bell-Ramirez,Sethtown
Danielle Burns,chelsea92@example.com,+1-701-221-3789x96223,Fischer LLC,Lake Michaelberg
Megan Howard,mariawright@example.net,740.351.8622x9085,Mendoza-Hernandez,Katherinemouth
Shawn Williams,christopher13@example.org,284.586.5295,"Weeks, Wright and Castillo",Bryantview
Christina Lee,bsmith@example.net,352-380-5586,Weiss PLC,Lake Marciaside
Kristina Morgan,kevin52@example.org,466.890.9860x62047,Keller Group,Tiffanychester
Scott Carney,james85@example.org,001-578-467-1111x139,"Flores, Luna and Cooper",Lake Thomas
Jason Brown,avilacynthia@example.org,001-202-884-5470,"Hill, Stevenson and Gonzales",Mercadotown
Jeanette Wells,jamesklein@example.net,(993)260-9098x07877,"Wheeler, Johnson and Hernandez",Port Roberthaven
Brian Wagner,anne91@example.com,382.309.6530x63931,Kidd Group,Stephenside
Laura Johnson,james90@example.net,+1-522-848-8655x76459,Morgan and Sons,Millertown
John Garcia,dbridges@example.net,001-491-365-2295,Phillips-Guerrero,North Amyborough
Diana Wood,gutierrezdebra@example.com,7183655549,"Fisher, James and Greene",South Lisatown
Philip Oliver PhD,michael50@example.org,2748427960,King-Tucker,Vegastad
Benjamin Jacobs,valenzuelajennifer@example.net,416-546-4084x66400,Owens LLC,Port Richard
Megan Pitts,christopherflores@example.org,469.332.0562x96370,"Turner, Nguyen and Cook",Roberthaven
Mrs. Heather Thomas,vchoi@example.org,001-506-364-2902,Saunders-Velez,Evansfort
Brian Lin,tcastillo@example.com,431.216.0933x05058,"Harris, Adams and Hayes",Dennishaven
Donald Hunter,pdunn@example.net,454-337-6402,Gonzalez PLC,Lake Amberhaven
Jennifer Rodriguez,nguyenrachel@example.com,515.263.4928x7554,Walter-Williams,South Michelestad
David West,sperez@example.org,+1-438-578-7259x24529,"Gomez, Mcmillan and Ramirez",Port Sean
Joseph Parker,kennethhancock@example.com,471-753-8213x07754,"Adams, Medina and Bailey",West Michael
Brandy Mitchell,tinadean@example.net,5952336049,Fields and Sons,Juliabury
Ryan Green III,deleonthomas@example.com,298.910.7669x164,Price-Jacobs,Jenkinsburgh
Aaron Weaver,stewartmichael@example.com,843.838.2859x2141,Tate-Mccann,North Dylan
Richard Cook,mario03@example.org,001-921-552-9751x5363,Randolph LLC,East Tinashire
Ryan Brown,olewis@example.net,273-594-3677x40454,"Kane, Terry and Obrien",Port Crystalchester
Kelly Brown,jacobyoung@example.net,665-213-6060,"Bryant, Perez and Powell",North Isaiah
Rodney Williams,alexa31@example.org,835.984.4540x41228,Weaver-Scott,East Adam
Lauren Fernandez,kaylacastro@example.com,001-727-691-2697,Adkins PLC,North Wendy
Brandon Woods,allenkimberly@example.org,+1-266-418-0622x19927,Wiggins-Petersen,East Savannahton
Dr. Adrian Chavez DDS,markyork@example.org,001-258-313-9247,"Fox, Cruz and Simpson",Lake Joseph
Patricia Durham,daniellejames@example.com,352-721-6029x65964,Mcbride Ltd,Chelseafort
Gabriella Johnson,ekelley@example.org,+1-481-285-3848x1582,Marks-Norton,Port Jenniferbury
Jose Frost,hhall@example.org,7804973735,Callahan Group,North Patricia
Deborah Mcintyre,kellieball@example.net,(837)715-7774x203,Anderson-Miller,Carpenterfort
Hector Martin,shawnstanley@example.com,+1-601-272-7017x75601,Sanders-Johnson,West Aliciastad
Gregory Baker,geraldreese@example.com,(650)203-6381x29015,"Bush, Frank and Rojas",Robertfort
Tammy Johnson,rhonda53@example.org,825.975.0896x32087,Pittman and Sons,Garciashire
Michelle Rojas,imartinez@example.com,2649402857,Jackson-Francis,Ronaldstad
Marilyn Santiago,josephscott@example.net,(259)498-9087x84007,Mercer Ltd,Barnettbury
William Evans,kbailey@example.org,001-830-356-0593,Stewart Ltd,East Robertside
Nathan Hutchinson,jeffersonkristen@example.com,804.918.6957,"James, Peters and Gonzalez",Rossfort
Angela Dougherty,douglassteven@example.com,001-295-719-7789x296,"Garcia, Blanchard and Torres",Port Alexland
Anna Atkins,ryanlewis@example.net,637-776-5483,Christensen Inc,New Samantha
Thomas Williams,davidcarey@example.com,8184282369,Vasquez PLC,Barnesshire
Melissa Vincent,xlopez@example.com,+1-916-730-7805x7080,Jacobs-Yang,Sandovaltown
Ariel Turner,bmiller@example.net,+1-473-342-1336x98659,Alvarado-Tyler,Derrickhaven
Jason Hoffman,wgibson@example.org,(858)916-2174x757,Armstrong-Chandler,Michaelside
Karen Norris,bowersmichael@example.com,(310)273-8794x10134,"Vincent, Marshall and Nguyen",Bowmanhaven
Jennifer Miller,mhendrix@example.net,001-596-768-6809,"Zamora, Lewis and Allison",New Joshualand
Rebecca Wells,summerreese@example.net,001-325-798-2922x25089,"Gibson, Jordan and Cooley",Bishopport
Timothy Farmer,marcus24@example.org,729.252.2748x969,Avila and Sons,South Suzanne
Mary Rose,bparker@example.com,(827)422-8097x208,Hicks Group,West Michelle
Laurie Jordan,hansonashley@example.com,800-415-1515,Cruz and Sons,Rhondaton
Craig Rojas,marcia41@example.net,(758)377-2163x286,Gibson-Roberts,Rogerstown
Mark Hall,benjamin57@example.com,(380)843-0766x5409,Baird-Mccormick,Sandramouth
Tina Stephens,melindalarsen@example.com,960-663-8062x323,Fitzgerald and Sons,New Jenniferberg
Rebecca Evans,vincentreynolds@example.org,+1-588-732-3881x6391,Neal Group,New Jose
Dennis Dunn,tony32@example.org,581-672-8866x7654,Marquez-Hoffman,New Benjaminview
Alexander Chambers,grantmichelle@example.net,+1-733-591-7065x73029,Martinez-Lawrence,Nathanielburgh
Michael Schultz,laurenbaker@example.com,577.539.2160x41841,Harris Ltd,Oliviafurt
Eric Smith,williamsdana@example.net,+1-332-778-8778x2657,Howell-Mccullough,Samueltown
Carol Ramirez,thomaschad@example.net,+1-999-767-0318,"Rocha, Goodwin and Estrada",North Amanda
Ruth Thomas,mitchellconnie@example.com,+1-847-958-4253x30906,Harris-Perkins,Elliottview
Amanda Espinoza,jeremiah74@example.com,001-540-540-5631x904,"Roberts, Martinez and Sexton",South Billyport
Tyler Hall,mark24@example.org,001-656-671-0697x5390,"Thompson, Olsen and Mata",North Victorbury
Amanda Reed,mramsey@example.com,(987)662-2624x3143,Jenkins and Sons,West April
Lisa Smith,cainchristopher@example.net,6494484514,Daniels PLC,East Suzanneburgh
Rachel Davidson,emilyphillips@example.org,730-759-6485x130,Payne Inc,Andresstad
Nathan Frost,judy79@example.com,634-929-1080,"Thomas, Moody and Serrano",New Joshua
Ronnie Thompson,donnaschmidt@example.com,426.612.9601x16344,Stephens PLC,South Michaelbury
Haley Escobar,mariaford@example.net,347-906-3210x420,Boyle PLC,South Matthewland
Timothy Smith,ryan14@example.org,6855522157,"Johnson, Banks and Roberts",Lake John
Mr. Johnathan Burton PhD,xgreen@example.net,999.797.5994,Saunders PLC,South Jamesberg
Diana Joseph,sandersfrances@example.org,935.527.5541x67760,Baker-Butler,North Alexis
Carrie Figueroa,ndowns@example.net,+1-986-746-1670,"Walters, Lamb and Brown",East Judyland
Martin Moreno,justin40@example.org,(369)388-8576,Webb and Sons,North Patrickbury
Miss Sherry Rangel,bross@example.org,4147696174,Velez Group,Smithbury
Wesley Reid,davidfox@example.org,(409)325-6640x589,Evans PLC,North Travis
Joseph Guzman,avilajessica@example.net,632.573.4150,Warren Ltd,North Davidmouth
Jessica Sullivan,smiller@example.net,001-841-468-9749x355,Mahoney Inc,West Ronaldland
Jeremy Wood,jeremycardenas@example.org,894.961.1407x0649,Hart Inc,North Beth
Lisa Sanders,elizabethnovak@example.net,001-579-634-9188x47592,Gonzalez-Johnson,Burgessmouth
Richard Jackson,martinezjonathan@example.net,001-435-847-9583x6967,"Hernandez, Turner and Jenkins",Hannachester
Cheryl Rowland,jeremy40@example.com,(716)828-8949x8692,"Wright, Torres and Marquez",Laurastad
Jay Moon,carrillochristine@example.net,8328940754,Brooks-Keller,Toddmouth
Robert Wheeler,mgarrison@example.net,660.377.2771,"Dorsey, Sanders and Gonzales",West Timothy
Daniel Jones,allen17@example.net,001-769-373-6539x6248,"Mccullough, Campos and Ward",New Carl
Steve Morris DDS,klynn@example.net,001-203-797-4919x9773,Rosales Ltd,West Victoria
Nicole Hart,steven90@example.net,602.343.6396x21855,Gross Ltd,Benjaminport
Rachel Mills,fmcdonald@example.org,(484)728-6491,Graham-Spence,Dixonshire
Jennifer Spencer,downsbrandon@example.net,235.662.9552,"Burns, Henderson and Phelps",Smithton
Mrs. Amy Brown,caseraymond@example.net,942.302.0424x628,Robinson Group,Lake Markshire
Eric Lawrence,merritttanya@example.com,+1-611-811-2663x782,Brady LLC,Port Peter
Deborah Perez,wmorales@example.org,777.813.2729,"Becker, Dominguez and Liu",North Dustin
Casey Anderson,heather02@example.net,276-627-0681,Richard Group,Wilkinsonchester
Heidi Maxwell,gregory34@example.org,891.712.8472x09536,"Norris, Bishop and Medina",Jenkinstown
Paul Johns,caitlin49@example.net,001-312-778-9325x0024,Adams-Serrano,Bassfort
Mary Huber,ymyers@example.org,+1-409-655-3379x394,Wolf and Sons,West Samanthaport
Shelby Rodriguez,omurphy@example.net,(364)667-0337,"Solis, Lyons and Long",South Paulchester
Mr. Evan Coleman MD,clarksusan@example.com,001-843-539-7604x329,Weiss-Scott,Dicksonshire
Stephanie Warren,staffordstephanie@example.com,+1-504-957-9383x7015,Mann Group,South Vanessa
Craig Hansen,castillojonathan@example.com,+1-711-483-6972x365,Gallagher-Terrell,Port Zachary
William Clayton,browngary@example.net,(535)443-8646x291,"West, White and Grimes",Harrisstad
Jack Bonilla,ramosbrandon@example.com,5677675962,"Hansen, Hernandez and Campbell",South Doris
Stephanie Kirk,nicoleroberts@example.net,(676)666-4421x068,Roberts Group,Jasonview
Samantha Bush,fdavies@example.com,999-358-3241x8609,Mason-Thornton,East Donna
Desiree Jones,vwolfe@example.com,+1-561-532-1780x9107,Jones-Allen,Port Samuel
Charles Payne,josephdouglas@example.org,639.697.0456x72682,Leonard PLC,West Edward
Derrick Perez,gonzalezsteven@example.net,+1-212-496-8237x02926,Adkins-Schultz,West Joseph
Maureen Lamb,robertskimberly@example.org,922-564-0448x930,"Johnston, Cortez and Lopez",Xavierburgh
Tracy Davidson,traceymckay@example.com,(775)696-0546x030,Mathis and Sons,Johnbury
Hannah Russo,tammy31@example.org,703.697.5431,"Espinoza, Luna and Thomas",Brandiburgh
Rhonda Walker,isaacberry@example.org,001-218-835-1071x96896,"Delacruz, Green and Martinez",Port Cheryl
Ian Williams,baileychristopher@example.org,(915)417-0918x64651,Mercado-Hill,Kochbury
Nicole Tran,amberkim@example.com,7957276143,Baker PLC,Albertfort
Thomas Mccoy,kevin37@example.net,+1-460-899-0290x33603,"Sullivan, Barnes and Harrington",Fletcherland
Christopher Gilmore,xmurphy@example.org,001-614-255-8209x289,Durham LLC,Andrewmouth
Karla Davidson,timothypaul@example.com,317-576-2905,"Simmons, Henson and Williams",New Bradley
Rebecca Snyder,qmarshall@example.com,(216)557-4394x4436,"Johnston, Johnson and Kaiser",Paulaborough
Mary Smith,zschultz@example.net,692.400.3074,Kelley LLC,Jamesport
Cassie Wells,marcus78@example.com,4546498162,Williams-Matthews,New Natalieside
Stephanie Graves,angela27@example.org,991.784.3457x5537,"Black, Burns and Acosta",North Cynthiashire
Randy Wells,matthew31@example.net,9282758715,Cook LLC,East Jessica
Monica Smith,isabella31@example.com,717-329-4875,Luna-Parsons,Austinmouth
Robert Nelson,xparker@example.net,458.933.2015,White Group,South Michaelshire
Shawn Mcintyre,susancook@example.org,999-708-7456x8124,"Macdonald, Bennett and White",South Ginastad
Angela Young,whitneyharris@example.net,712-670-5205x48263,Dodson LLC,Johnsonberg
Sally Smith,emily37@example.org,8824993742,"Erickson, Pruitt and Barnes",Carolynborough
Lauren Pacheco,deanna02@example.com,641.459.3263x79075,"Miller, Jordan and White",Lake Deanna
Jeanne Hodge,sburke@example.org,001-325-578-4248x9377,Ramirez-Bradley,East Matthewbury
Kyle Mcintyre,kim44@example.com,5397542073,Hoffman LLC,Bradfordfort
James Brown,cvazquez@example.net,001-260-792-1916x931,Cochran and Sons,Rhondahaven
Robert Lawrence,robert70@example.com,(700)429-4029x34748,"Baker, Gallegos and Hancock",East Robert
David Young,desireedalton@example.org,(697)435-4304x9509,"King, Morrow and Frost",New Taylorview
Cheryl Arnold,lambertfrances@example.com,(563)900-6375,Lopez-Pratt,South Joshua
Anita Jones,richard26@example.org,(760)969-4329,Willis-Jackson,New Stevenborough
Catherine Griffith,obaker@example.org,+1-491-973-0207x3121,Roth LLC,East Jennifer
James Morris,jessicafrench@example.org,(387)386-1284,"Becker, Richards and Olson",New Justinfurt
Christopher Burgess,davidchung@example.net,936-694-0588,Swanson-Herrera,Stevenshire
Kyle Murphy,wheelercraig@example.com,977.542.0111x1445,"Mccormick, Gregory and Hamilton",East Rodney
Whitney Thomas,richlouis@example.net,2154866582,Moses-Keller,Lindastad
Rebecca Wilson,ronald18@example.com,001-680-722-8437x954,Cain Group,Smithchester
Edwin Cross,bishopsharon@example.org,(536)889-1579,Stevens Inc,Lake Shannon
Lisa Smith,uphillips@example.net,001-507-519-5465x13294,"Morris, Nguyen and Baker",Manuelville
Leah Nguyen,bentleyamy@example.org,607.564.4483,Smith-Wheeler,Garciaburgh
Brad Davis,reneemoore@example.net,4899679260,Hunter-Nelson,Westfurt
Zachary Garner,tgonzalez@example.com,(491)621-6717x07536,"Smith, Jones and English",Carlsonfurt
Stephanie Moore,andrew74@example.org,(890)298-1441x70737,"Lucas, Nelson and Conley",Kendraport
William Hobbs,barbara88@example.net,001-903-386-8540x585,Rodriguez PLC,Port Debra
Alison Cook,psaunders@example.net,(585)590-4003x567,Miller Group,New Dennisbury
Karen Horton,tortiz@example.com,6632266787,Douglas LLC,Williamside
Edward Fox,christinelowery@example.net,4778044100,"Bates, Terry and Mcdonald",North Margarettown
Christopher Fleming,fostertina@example.net,3888363281,"Tran, Meyer and Davis",Danieltown
Jessica Garcia,paulmatthews@example.org,650-376-6751x668,"Nguyen, Perry and Ramos",Jorgefort
Ashley Ballard,jasonbell@example.com,+1-854-455-2954,Henson PLC,Port Saraville
Philip Schroeder,sarahtucker@example.net,540.243.7273,Stephens-Copeland,Port Antoniostad
Joseph Russell,michaelsmith@example.org,743-556-9844,"Coleman, Flores and Duncan",Conniemouth
Crystal Bryant,brian79@example.net,593-267-1806,"Flores, Schultz and Cruz",East Jacob
Cynthia Gardner,opittman@example.net,732-257-3063x349,King Inc,Markshire
Elizabeth White DDS,williamthompson@example.org,7745658000,Smith-Ramirez,East Gregorymouth
Samuel Johnson,zcooper@example.com,+1-826-661-9995x38507,"Burnett, Hill and Moreno",Elizabethstad
Brian Lang,tuckerrobin@example.com,(995)407-2208,"Miller, Davis and Howe",Burnsfort
Luis Chambers,richardskelly@example.net,4683944442,"Hancock, Wilson and Stokes",Andersonton
Jerry West,smithsandra@example.com,001-256-306-5387,Ingram-Jones,East Linda
Carrie Singh,megan60@example.net,(231)753-9669x247,Wade Inc,Ronaldtown
Maurice Moore,thompsonderek@example.com,664-854-4205x192,"Robinson, Johnson and Collins",North Brittanychester
Jaclyn Richmond,mbuck@example.net,001-940-858-7193x77023,"Williams, Carr and Young",Gonzalezstad
Beth Higgins,jessica60@example.org,810-377-9144x951,King-Garcia,North Lisafurt
Brenda Ramirez,psmith@example.net,709.407.3447,"Castillo, Anderson and Velasquez",Port Erinburgh
Jason Rosario,williamsonjessica@example.org,780.514.6495x66382,"West, Mckinney and Kelley",South Katherine
Clifford Lucero,alyssawood@example.com,+1-501-356-9304,Robinson-Watson,Patriciaville
Jerry Coleman,steven57@example.com,308.548.3600x7217,Kelley PLC,Howardberg
Kristopher Gonzales,mark48@example.net,+1-231-244-5202x074,Hopkins LLC,South Corey
Amber Terry,cookrobert@example.com,(665)532-9373,Benjamin-Garner,West Paula
Daniel Allison,vwilliams@example.com,232.692.8023x539,"Jones, Rodriguez and Roth",New Travisland
Amy Collier,cpreston@example.net,919-356-7223x879,Martinez and Sons,Port Kristinfurt
Michael Wood,erivas@example.net,204-209-5146x64270,Rhodes-Garrett,Port John
Christopher Donovan,brennanshane@example.org,945-581-1766x56604,Richards-Montgomery,Owensfurt
Jacqueline Payne,andradedaniel@example.net,001-519-791-5001x88585,"Burns, Hicks and Brown",Williamsburgh
Brian Cobb,ryanbryant@example.org,954.838.8656x999,"Davenport, Welch and Huffman",South David
Tyler Bush,lopezsierra@example.com,510.328.3275x607,Faulkner and Sons,Huntport
Deborah Russell,david25@example.org,001-714-743-8753x51981,Smith PLC,Larryberg
Carmen Gay,kbennett@example.com,+1-832-659-7110x86752,Cross Inc,Tiffanymouth
Beth Hughes,robinsondouglas@example.net,(366)222-3267,Boone Group,Thomasland
Mrs. Natalie Rivera,myersjoe@example.net,946.280.7607x310,Garcia-Bridges,East Catherinestad
Randy Price,edwardstodd@example.com,(393)448-4794,Kelley-Moran,New Laurie
Terri Payne,matthewlowe@example.org,+1-756-893-3906x41763,"Ingram, Rose and Watkins",Bellhaven
Gabriel Moreno,adamlamb@example.net,+1-988-994-1515x872,Campbell-Carrillo,South Aaron
Nicholas Rosales,annechen@example.com,+1-990-653-1186x40279,"Roman, Luna and Gentry",Elizabethberg
Sierra Schaefer,marksanchez@example.com,3057064138,Miller-Banks,Saramouth
Maria Anderson MD,erin47@example.org,885.396.6164x7815,"Gonzales, Williams and Brown",East Eric
Keith Rosario,mholder@example.com,001-954-405-2593x630,Brown-Blake,East Ashley
Jennifer Mata,jolson@example.org,+1-642-788-5567x97562,Gibbs PLC,Steventown
Zachary Reed,garrettholly@example.org,(803)213-1068,"Douglas, Tucker and Gutierrez",South Kristafort
David West,lmcbride@example.org,7649591061,"Clark, Young and Gilbert",Westfort
Sherry Russell,aelliott@example.com,(624)873-1983x1806,Blair PLC,West Melanieshire
Steven Hartman,elliottsandra@example.net,(423)743-3075x5837,Pierce-Leach,Robertstad
William Mills,leefrazier@example.net,+1-645-304-5621x0885,"Stone, Haas and Norman",Diazbury
Kenneth Thompson,jimenezlarry@example.org,+1-433-765-0181x037,Irwin Inc,New Alexander
Joshua Davis,walterskyle@example.org,(302)616-3670,Pena-Hill,North Michelle
Holly Tate,jenniferowens@example.net,830.615.8757x43261,Mendoza-Lopez,Obrienbury
Dr. Jennifer Young,emilywalters@example.org,763-678-5170x5444,"Lynch, Johnson and Leonard",Sandyshire
Brandon Jones,richard43@example.com,4094081994,White Ltd,West Jonathanstad
Adam Schroeder,elizabethruiz@example.com,+1-474-339-7552,"Villegas, Hood and Gallegos",Moodyview
Jordan Simpson,craig27@example.org,(524)606-6227,"Arnold, Armstrong and Bird",Mcgeebury
Jacob Hernandez,xbautista@example.com,001-843-716-7381x5517,"Adams, Long and Figueroa",South Keith
Dustin Sherman,fullermichael@example.net,001-553-346-6576x133,Smith-Shepard,Karlmouth
Tonya Fox,mattheworr@example.org,404-664-6434x875,Santiago Ltd,Nelsonville
Jesse Carrillo,fosterjames@example.net,(550)912-9932x2918,Miller LLC,Melissastad
Lauren Williams,eporter@example.net,704-654-9169x52292,"Adams, Wilson and Thomas",Michaelchester
Paula Fisher,mercedesmartinez@example.net,464-813-4042,Rodriguez LLC,Gallowayside
Benjamin Jimenez,nathanielsmith@example.net,777-206-1361x698,Waller-Goodman,Nathanmouth
Joan Thornton,goodwinjason@example.org,6488353454,"Tucker, Phillips and Conway",South Ashleyborough
Heather Hernandez,sandrasmith@example.org,420-799-1486,"Johnson, Walker and Roach",Jamesmouth
Joseph Webb,vjackson@example.org,866-991-1502,"Myers, Weaver and Davidson",South Jennifer
Stephen Rogers,james01@example.org,001-365-532-3333x4186,"Taylor, Reed and Jensen",Grimestown
Kyle Hernandez,jenniferzuniga@example.net,439.964.0599,Porter-Young,North Ethan
Evan Gomez,christopher06@example.com,+1-733-256-5988x9415,Mitchell LLC,Williamsmouth
James Montgomery,paul58@example.org,425-879-9953,Cole-Reed,North Donna
Hannah Williams,carlosbeck@example.net,570-907-9853x693,Mason LLC,Timothychester
William Johnson,kimberlysheppard@example.com,492.306.1398x833,Green-Clayton,Kellybury
Richard Reynolds,lisafriedman@example.com,001-885-748-7227,Burton-Harrell,West Chadfort
Michelle Watkins,bsawyer@example.org,(646)698-0051x8533,"Anderson, Winters and Contreras",Nathanmouth
Stephanie Walsh,flee@example.com,577.921.2816x64643,"Dunn, Cobb and Jones",Greenton
Jason Stephens,youngnatalie@example.org,+1-584-852-9071x3530,"Austin, Morrow and Campbell",Tiffanyfort
Michael Moore,gregorybailey@example.com,+1-748-255-7142x78450,Fernandez Group,South Jenniferberg
Mr. Frank Thomas,cblack@example.com,(689)659-5183x944,"Rice, Griffin and Hansen",Normaside
Daniel Sanchez,heidicasey@example.org,965.513.9536x5429,"Crawford, Hall and Peters",Moorefurt
Michelle Sanchez,hhoover@example.net,(545)309-3910x691,"Taylor, Barrett and Patterson",West Kayla
Jennifer Dickson,jerrysingh@example.org,3086912982,"Brennan, Fuller and Doyle",Fosterstad
Michelle Rodriguez,trevor12@example.org,+1-880-656-8625x8796,Underwood Inc,West Christianshire
Matthew Abbott,vanceanthony@example.net,6314804859,"Hayden, Moore and Vang",Port Jamesshire
John Perez,teresaking@example.org,(940)342-5253x46377,"Thomas, Weaver and Sosa",Port Stacey
Alexis Carey,olopez@example.org,547.356.2352x3631,"Carter, Perez and Hall",Alexanderhaven
Leah Barnes,morganjason@example.org,853.717.8289x1397,"Walker, Gonzalez and Wilson",Knightmouth
Andrew Garcia,lisabowman@example.net,+1-235-337-4866x1113,Gray-Luna,West Danaborough
Daniel Malone,alison64@example.com,+1-753-915-8392x91264,"Reyes, Garcia and Vasquez",West Melanie
Gary Mueller,charles24@example.org,(776)264-2213,Macias Inc,Millerland
Jasmin Mills,richardhenry@example.net,(387)219-3653,Johns-Juarez,West James
Molly Fields,evanmckenzie@example.net,001-544-715-4963,Norman and Sons,New Joseside
Jacob Kent,scott64@example.net,(531)699-0278,Cooper-Carrillo,Port Markland
Chad Garcia,gfisher@example.org,786-608-9431x389,Taylor Inc,North Devin
Jon Castro,zglenn@example.net,(417)206-5577x31023,Park-Villa,Hamiltonport
Heather Murphy,timothy12@example.com,296-909-1685x296,Bryant Ltd,Kevinbury
James Clark,mckenziejavier@example.org,001-826-997-8424,Gonzalez and Sons,East Yvonne
Ellen Barnett,dennis75@example.org,681.658.2752x01335,White PLC,North Daniel
Kendra Harris,julia17@example.org,269-358-1321x70948,Clayton LLC,Benitezville
Robert Patrick,jeffgordon@example.net,001-823-758-2249x93307,Riley-Silva,Lisafurt
Gary Campbell,lecharlotte@example.org,(400)246-7758x6219,Tucker-Griffin,Lake Amanda
Tracy Hernandez,bhernandez@example.net,(379)545-0903x546,Salazar PLC,Snydershire
Jennifer Drake,michelle28@example.org,451-377-6620x6636,Carter Group,East Joshuaton
Emily Melton,ubrown@example.com,+1-440-215-7220x96514,Arias-Mccarthy,Lake Sherri
Thomas Gonzalez,davidmiller@example.net,+1-789-414-7385x862,Mason and Sons,Jeffreyberg
Denise Black,jonesnicholas@example.com,(975)838-2828x61229,"Coleman, Schultz and Hester",South Kelly
Angela Lucero,laurahernandez@example.net,(552)943-1564x09838,"Johnson, Brown and Jones",Brianstad
Vanessa Barker,nicoleflores@example.net,001-645-671-4450x373,Morgan Inc,Collinschester
Mark Waller,staceyjohnston@example.net,652-507-2570x400,Tucker LLC,Daltonside
Brittany Cooper,jamesjohnson@example.com,924.390.5969,Petersen-Nelson,Michelleborough
John Washington,ronaldcannon@example.org,+1-652-296-2423x194,Booth-White,North Rhonda
Robert Hernandez,pamela00@example.net,(753)949-8458,Maynard Ltd,North Jenniferborough
Joseph Manning,opittman@example.org,(253)922-3865,Cameron-Murphy,North Derrick
Dr. Jason Miller,catherine40@example.org,850.361.8643x076,Martin-Burnett,Santiagoberg
Eric Davis,william65@example.com,754.200.4064,Orr-Hayes,Michelleland
Brandon Gould,vpeterson@example.net,369-395-1252x238,Mcdonald-Henderson,South Debraton
Donna Wright,larrygomez@example.com,(756)437-4288,"Finley, Wise and Ray",Mendezfort
Andrea Orozco,woodmichael@example.org,230-912-3261x30853,Thompson Group,Port Meghanmouth
Mark Rice,walshalbert@example.org,001-363-427-5015,Osborne LLC,Sheryltown
Kathryn Young,gibsonjeffrey@example.net,001-818-271-1757,Williams-Robertson,East Carla
Amanda King,hayesjeffrey@example.com,9356985076,"Kennedy, Patel and Myers",East Andrealand
Jennifer Walter,callahanmanuel@example.org,661-714-5779x048,"Johnson, Ortiz and Yang",Jesseshire
Joyce Reed,kwiley@example.net,928-545-4058,Jackson-Hall,Port Jimmy
Jessica Compton,smithmichael@example.net,(926)967-8929,Garcia Inc,East Justin
Amy Reid,tanner09@example.com,359.270.9820,Miller-Olson,Johnstonside
Brianna White,dominguezmichelle@example.net,(960)493-4187,Marshall Inc,South Codymouth
Margaret Stephens,nancy59@example.com,714.217.1023x84664,Adkins-Barton,Port Janetview
Kyle Lewis DDS,jesseporter@example.org,001-222-785-8677x8478,"Young, Phelps and Marshall",North Cathyborough
Melissa Lewis,sharondiaz@example.com,+1-536-903-0504x093,Anderson-Robinson,Heatherberg
Ronald Harrison MD,marilyn98@example.org,935-948-1038,Harris-Case,Markbury
Adam Goodwin,kenneth56@example.org,488.411.1516x51337,Jones-Donovan,Dixonchester
Mary Smith,michaela05@example.com,(280)861-1952x063,"Lopez, Ward and Goodwin",Port Jamestown
Anna Bowers,dcarter@example.org,+1-674-696-3672x09081,Ramirez-Kennedy,Ericashire
Christopher Rodriguez,petersonpatricia@example.com,274-774-0383x15903,Carrillo Inc,Gregoryland
Thomas Thompson,julie98@example.com,666-403-8119x710,"Kane, Baldwin and Robertson",Michaelside
Chad Myers,jillgrimes@example.net,632.490.0724x362,Jones and Sons,East Philipberg
David Ball,brian20@example.org,+1-436-969-6385x5557,"Smith, Mcconnell and Mcdaniel",Port Bradley
Tiffany Peters,mdunn@example.net,525-543-3050x22256,"Hall, Ford and Lowe",Port Williamside
Eric Mitchell,danielgarcia@example.org,999.496.0967,"Guerrero, Romero and Lee",Hickmanton
Anna Best,erica25@example.net,+1-949-965-7882,"Ward, Aguilar and Perez",South Bailey
Eric Matthews,hector15@example.org,+1-778-688-4567x8435,Moreno PLC,Port Ashleeborough
Andres Smith,howardgeorge@example.org,679.619.2346,"Lang, Cuevas and Lang",Jennifermouth
Ryan Kelly,michaelcline@example.net,(441)472-2398,Wood PLC,Port Jasontown
Natalie Horton,mtaylor@example.org,001-437-463-4458x908,Arnold Ltd,North Sarahtown
Jennifer Russell,foxashley@example.org,001-439-823-5968x8903,"Sharp, Valentine and Clark",West Erica
Samantha White,richard23@example.org,(662)586-3633x39328,"Obrien, Hull and Brown",Bryanthaven
Richard Chaney,washingtongina@example.org,001-357-671-8737x03900,"Morris, Walters and Garrison",Henrymouth
James Stout,kurt24@example.net,444-262-7927x59275,Mcfarland-Collier,Riddlechester
Matthew Paul,timothy13@example.com,689-883-2633,Vargas-Dean,New Meganchester
Joshua Cervantes,cathy53@example.org,(870)627-5229,"Casey, Alexander and Hurst",South Timothy
Karen Richards,santiagoamy@example.com,782.766.5530x9676,"Floyd, Hoffman and Bird",Jonestown
Danny Coleman,shannonjon@example.com,768.782.8872x8421,Ellison Group,Lake Allen
Michelle Donovan,rodriguezpaul@example.org,(362)320-6395,Salazar Ltd,Kathrynmouth
Timothy Garcia,mark81@example.org,001-488-760-8010,May Inc,South Michaelstad
Emily Jensen MD,rachel87@example.net,+1-995-213-4487x0392,"Cooke, Manning and Walsh",Allenberg
Jeffrey Young,amandasimpson@example.org,+1-650-378-3521,Grant LLC,Ortizport
Deborah Cruz,bailey28@example.com,+1-493-426-5471x329,Baxter Group,East Lisamouth
April Curtis,dclark@example.com,701-394-8438x1182,Velazquez-Taylor,West Henrychester
Scott Davies,joanne25@example.net,(806)733-5793x3010,Harrison PLC,Josetown
Robert Conrad,qjones@example.com,001-432-907-3104x87891,Myers-Morrison,Alexaborough
Emily Johnston,katiegill@example.org,(212)210-5149,Tapia-Bell,Joneschester
Charles Palmer,michelle45@example.com,(998)214-1877,Reynolds-Perez,Shawmouth
Cynthia Greene,aprilhardin@example.com,(538)669-6450,"Schultz, Nguyen and Hernandez",West Regina
Justin Morris,wsnyder@example.com,646.950.5591x11770,Hicks-Thomas,New Zoeshire
Cheryl Larson,awolf@example.org,001-464-876-5613x4188,"Marshall, Wagner and Evans",Lake Scott
John Dodson,jack24@example.com,+1-964-426-0516,George-Murphy,Port Angela
Tonya Johnson,timothy70@example.net,001-753-454-7443x51123,Cruz-Carter,Parkhaven
Stephanie Dominguez,martinezjeffery@example.net,(357)474-9355,Parker-Duncan,North Johnside
Donald Oconnor,elizabeth41@example.net,840.806.3940x5471,"Finley, Howell and Park",Smithside
Theresa Davis,blanchardjoseph@example.net,001-833-437-0502x35027,"Anderson, Silva and Cook",South Petermouth
Robert Boone,davisjavier@example.net,+1-509-922-8740,"Farley, Arnold and Hamilton",Masonton
Benjamin Morrow,alex85@example.net,910-290-8016,Williams-Wood,Port Ryan
Erin Marshall,kortiz@example.org,749-973-7679,Olson PLC,New Kathleentown
Heather Austin,andrescook@example.org,437.586.5816x79194,Diaz-Dillon,East Rebecca
Joseph Swanson,brownlindsey@example.net,001-814-263-9854x6976,Smith Ltd,Lake Savannahville
Joseph Morales,glendascott@example.com,+1-906-594-7306x0005,Henson-Meyer,Grayfurt
Mr. Cameron Long,jenniferkelley@example.org,201.513.5100,"Mcclure, Moreno and Conrad",Port Courtney
Marie Rodriguez,michaelfitzpatrick@example.org,+1-807-408-3553,"Nelson, Walsh and Davis",Fisherport
Matthew Williams,diana20@example.net,001-856-378-7722,"Thompson, Paul and Jones",West Thomas
Frank Miller,iliu@example.net,693.632.6544x4307,Rodriguez-Wilson,West Katherineside
Adam Banks,wduncan@example.org,4395282100,"Flores, Brown and Russell",Port Abigail
John Perkins,parksrichard@example.com,+1-954-353-8375x16474,Washington Group,New Justinchester
Mark David,deborah29@example.org,(245)761-1680x0283,Jones-Smith,Normanmouth
Jennifer Jenkins,yangjasmine@example.org,691.933.8754,Parks Ltd,Christianfurt
Stephanie Hughes,shannon36@example.com,384-937-1364,"Cobb, Chavez and Sanders",Jessicamouth
Tina Benton,valdezelizabeth@example.net,402-797-6087x292,Reid-Watson,Port Hollychester
Teresa Russo,joshua91@example.org,(612)223-9852x7179,"Cruz, Adams and Jenkins",South Francesside
David Perez,wendybrown@example.net,3846391260,Arnold-Oneill,Kyleville
Erik Perkins,kristenschmidt@example.org,+1-533-622-4766x033,Lee Group,West Courtney
Susan Johnston,wrightmary@example.org,001-626-359-9028x18053,Scott LLC,Lake Anna
Anthony Jensen,katie04@example.org,9462576291,Salazar Inc,South Robertmouth
Natalie Nguyen,leahbrennan@example.com,464-620-6949,"Rivera, Castillo and Hampton",South Edward
Stephen Scott,barbara57@example.com,879.282.2756,Taylor-Stark,Marieville
Nathan Jones,becky54@example.net,404.330.1643x565,Gates and Sons,Harveyfurt
Christopher Romero MD,emorales@example.com,(965)944-9271x294,"Jackson, Torres and Henry",Lake Craig
Charles Ross,ebonythomas@example.com,762.360.0354x09640,Edwards Ltd,South Brandonborough
Alexandra Anderson,wilkinsonnicole@example.net,6167135244,Ruiz-Davis,South Anthony
Michelle Holmes,gshields@example.org,2633784863,Johnson Inc,North Joan
Michael Johnson,julie38@example.org,+1-666-544-3738x388,Martin and Sons,Seanchester
Sabrina Hayes,matthew70@example.com,2333353576,Kelly-Hernandez,Tammieburgh
Jesse Anderson,palmerjames@example.org,(988)478-5769x104,Anderson Inc,South Susanburgh
Christy Berry MD,cdominguez@example.com,997-921-6018x19200,Richards-Butler,South Reneeberg
Tyrone Dixon,reedlori@example.org,001-334-930-5963x35593,"Benson, Kennedy and Jacobs",Port Diane
Elizabeth Mcguire,amberdean@example.com,507-254-9923,Smith-Zamora,Davidview
Mrs. Laura Jones,william00@example.com,487.643.2907x1398,"Cunningham, Adams and Jordan",Port Timothy
Christopher Trujillo,kevin19@example.net,(598)489-2931,"Mercer, Simpson and Ellis",Jessicaberg
Javier Gross,anthony36@example.net,001-275-271-3307x1879,"Houston, Moses and Garrett",Austinshire
Christopher Jimenez,cgriffith@example.com,683.750.6476x611,Gonzales-Hays,Courtneyfurt
Monica Stewart,sharoncontreras@example.com,309-798-5195x131,"Munoz, Manning and Taylor",Reidfort
Mrs. Brandy Whitney,yrobinson@example.org,4953216934,"Patton, Diaz and Murphy",Georgefort
Joshua Maxwell,pdavis@example.com,(318)654-9334x4118,"Haynes, Christian and Bright",East Sandramouth
Margaret Hood,abbottanthony@example.com,8207855010,Miller Ltd,Melissaland
Jessica Mays,alvaradonicole@example.org,(949)904-8686x21753,"Browning, Peterson and Riley",Danielmouth
Adam Love,brianna90@example.com,500.708.1781,"Dodson, Hensley and Rowland",New Jimmyhaven
Carlos Thompson,stokeswilliam@example.net,(429)950-9933x556,Mason and Sons,Oneillfort
Christina Lowery,duncanbrian@example.net,(641)210-3154x037,Conrad Inc,Smithshire
Megan Brown,matthew54@example.com,(848)558-4024x1957,Wright-Rodriguez,Ashleyhaven
Jonathan Jones,billy04@example.com,317.382.8627x7684,Garcia-Browning,Lake Peggy
Shelley Ponce,asanders@example.com,001-552-940-0523x82580,"Parker, Pittman and Faulkner",South Sheila
Kimberly Ortiz,michael56@example.com,001-557-679-4333x1850,Adams-Sanders,West Jamesstad
Edward Alvarez,benderrobert@example.org,767-914-9704,Johnson-Myers,Tyronemouth
John Garcia,rperez@example.com,(503)361-8013,Ross Group,Adamstad
Carla Spencer,oking@example.net,+1-458-346-6119x18854,Patterson-Johnson,East Jimmy
Daniel Stokes,michaelellis@example.com,001-620-330-9303x241,"King, Buckley and Bryan",Carlshire
Frances Thomas,kari42@example.org,238.790.6791x2014,Allen Inc,Nunezborough
Vanessa Berry,tsanders@example.com,(280)776-5984x05228,Michael-Donaldson,Ronaldchester
Bruce Ramos,gchavez@example.com,+1-672-605-1307x7951,"Reed, Brown and Wheeler",Juliamouth
Austin Proctor,esmith@example.org,288-617-8821x137,Newman Ltd,West Jenna
Evan Brown,grivera@example.net,001-792-448-4333x18469,"Cook, Wilson and Stanley",Antoniomouth
Robin Thompson,dylanlloyd@example.org,781-762-9855,"Gonzales, Houston and Bird",Vegaview
Christina Krause,omeza@example.org,749-575-8436,Smith and Sons,Colleenton
Ian Oneal,kellyfranklin@example.net,001-314-731-5964,Wells-Smith,Bradleyland
Chad Casey,tannerrodney@example.org,585.734.4351x70800,"Austin, Baker and Newman",Lake Donna
Anthony Dean,stephanie53@example.com,+1-917-605-7275x2131,Barnett-Shelton,Ryanton
Miranda Lane,jason24@example.com,572.889.4748,Hernandez and Sons,South Annaton
Linda Clarke,hannah12@example.com,930-413-9083x6108,Whitehead Ltd,New Logan
Michael Martinez,nbailey@example.org,+1-527-557-3787x93648,"Vaughn, Skinner and Reyes",Wardshire
Mary Flores,rebecca92@example.net,7325795596,Baker-Smith,Lake Megan
Kevin Robinson,psmith@example.com,640-881-3457,Kirby Ltd,East Dillonstad
Laura Jackson,tlopez@example.com,427.646.5442,Stanley PLC,New Adam
Rebecca Walker,heidi15@example.com,874-712-5999,Kelley PLC,Josephmouth
Emily Williams,dweaver@example.com,558-587-3952x5947,"Bradshaw, Moore and Evans",West Ryanville
Anthony Hopkins,tammyaguilar@example.com,516.816.7999x087,Walker-Walker,East Patriciaberg
William Frank,zhanna@example.com,730-762-8856x48319,Henderson-Davis,South Marissatown
Thomas Frank,huertaernest@example.com,+1-227-742-1550x90615,Brown-Schmidt,Kevinmouth
Theresa Salazar,vsullivan@example.com,001-338-486-4300x950,"Andrews, Hicks and Davenport",Nicolebury
Amber Barr,pwest@example.org,(782)287-8550x517,"Crane, Robinson and Hernandez",Myersborough
Dr. Tonya Garcia,lindalong@example.com,(311)505-7517x044,Wyatt-Allen,South Karenland
Kathy Johnson,christina04@example.net,001-882-596-3309,Guzman-Moran,East Peterville
Jerry Baker,juliecampos@example.net,389.962.8768x2060,Martin Inc,Emilychester
Mrs. Anita Maldonado,briannajohnson@example.net,001-643-426-3106x22480,Medina-Adams,Lucasfort
Julie Garcia,rhamilton@example.net,(352)671-8190,Adams LLC,Stevenstad
Dr. Jenna Taylor,smithandrea@example.org,910-478-6085x129,Kelly-Bruce,West Anthony
Shawn Wright,larsonmark@example.net,001-525-523-6700,Merritt-Johnson,West Julian
Mark Garcia,jeffrey24@example.com,5147607620,Alexander-Hanna,Mariatown
Charles Howe,bob24@example.com,896-225-5256,Frank-Parsons,Teresatown
Kara Hebert,bruce34@example.com,001-576-584-4738x336,"Navarro, Alvarado and Sherman",East Gavinport
Michelle Richmond,hday@example.net,979.784.9871,"Nelson, Campbell and Morris",Lake Sarah
Alexander Meyer,joseph42@example.com,265.361.0009x396,"Murphy, Black and Summers",Lake Sarah
Hailey Woods,ktaylor@example.com,+1-603-742-1977x2360,Middleton-Garrett,Lake Brenda
Colleen Murphy,terrikelly@example.com,606-363-8909,Dixon-Steele,Nicholastown
David Jordan,robinsonshannon@example.com,477-313-0559,Rasmussen-Hood,Lake Frank
Michael Williams,ekeith@example.net,(819)659-2531x2644,Shepard Ltd,North Timothyview
Valerie Arnold,iwashington@example.net,369.702.1652x999,Giles PLC,Patriciamouth
Victoria Davis MD,crystal46@example.org,001-503-634-4103x936,"Williams, Riley and Price",Marshallview
Bernard Hammond,jordanclayton@example.com,(990)462-2847,Sullivan-Lopez,Yanghaven
Jonathan Phillips,jarvisjoseph@example.org,996-808-9238x53407,"Bishop, Hill and Davis",Lake Juan
David Goodwin,lori83@example.org,(808)761-5153x782,Lee-Horne,Pearsonland
Scott Dean,mbrady@example.com,222.814.5824x805,Mack-Harris,South Alexandrashire
Dr. Marissa Dillon,fredmelendez@example.org,+1-600-251-0300x68193,Miller Group,Lisamouth
Bruce Gomez,wadeivan@example.org,+1-501-735-1185x04153,Petersen Group,East Marcus
Jerry Alvarado,andersonjoshua@example.org,(343)460-5744x195,Jackson Inc,North Randall
Gloria Reed,erinmckee@example.com,963.755.7343,Robinson Inc,Josephchester
Patricia Rodriguez,daniellesmith@example.net,601-627-2808x26033,Frederick and Sons,South Deborah
Jeremy Olson Jr.,scottgarrison@example.org,280-648-9751x2913,"Sanchez, Dalton and Spence",Pattonberg
Anthony Smith,bwatson@example.com,812-816-9371x2590,"Whitehead, Campos and Fields",Georgeside
Nicole Griffin,emilygross@example.com,(779)702-2741x2757,Walters-Anderson,Bookerview
Linda Kelly,ashley32@example.org,+1-784-569-8040x816,"Thomas, Moore and Ford",New Davidview
Nicole Woods,kthomas@example.com,4023893008,Knight-Harrell,South Daniel
Stephen Doyle,mark02@example.com,+1-972-251-8004x34195,"Mullen, Saunders and Stewart",Hickmanfort
Francisco Fleming,ublevins@example.com,001-532-569-7860,"Dominguez, Jones and Newman",New Seanburgh
Casey Walker,josephpark@example.com,4289563827,Guerrero LLC,Port Karen
Ashley Bailey,qgarcia@example.net,+1-826-954-2774x24974,Perkins LLC,Port Michaelbury
Cristina Roberson,mccallantonio@example.com,001-975-734-6041x435,"Moreno, Smith and Jones",East Sandraton
Sarah Gardner,monicadelgado@example.com,789.209.3597x332,"Jimenez, Velasquez and Ryan",New Jenny
Warren Tran,hamiltonkyle@example.org,509.939.8881,Lowe-Cruz,New Elizabethhaven
Shaun Jones,scottmelissa@example.net,(243)672-3711x75450,Wright LLC,Vanessachester
Eric Garcia,wmcclure@example.org,001-269-233-3569x9063,Parker Inc,Timothytown
Kimberly Navarro,marissa56@example.org,7088520768,"Velasquez, Harrison and Moore",Mortonbury
Adrian Brooks,austinmoore@example.com,+1-751-580-8302x22874,Tyler-Bowers,Lake Robert
John Norris,ashlee57@example.org,7533266994,Wilson PLC,Lake Jacobport
Andrew Zuniga,whiteheadcynthia@example.org,001-774-841-0049x37921,Gonzalez Inc,Vanessamouth
Derek Young,shepherdmonica@example.net,001-347-847-5258x406,Long Ltd,Josephport
Erica Hood,marywhite@example.org,001-596-845-3754,"Dudley, Walker and Farmer",Lake Kennethstad
Christian Reed,crystalmorales@example.org,+1-626-734-4826,"Villegas, Jones and Miranda",Anthonyview
Michael Roberts,gturner@example.net,390.599.3305x369,Stephens Ltd,Port Brandonmouth
Donna Taylor,sarahfranklin@example.org,(799)950-2888x106,Chambers LLC,South Thomas
Lindsey Hernandez,krista70@example.com,+1-884-953-2371x010,Bailey-Clark,Port Stacyberg
Brian Scott,jacksonvanessa@example.net,(679)960-4354x2691,Harrington and Sons,Williamsmouth
Tammie Hoffman,thompsoncarrie@example.com,+1-833-931-6510x1507,Harrell Inc,Lake Dianaton
Amanda Ray,april60@example.org,597-982-4127x37014,Bond-Lewis,North Kimberly
Zachary Howard,brooksheather@example.net,(257)722-2624,Schaefer-Barrera,Tiffanymouth
Denise Spencer,frankchristina@example.net,417-407-3910x9474,Hall LLC,Port Gina
Kelly Brown,leejames@example.com,441-736-6557x45108,Morrison Group,East Michellestad
Casey Carr,pdavis@example.org,290-369-7829,Reynolds Inc,Elizabethbury
Robert Lutz,ballardthomas@example.org,001-832-860-2035x00485,Hancock-Espinoza,Millerchester
Casey Davis,rmckee@example.net,515.334.8889,Thomas PLC,West Rebecca
Stephanie Mccall,davidhamilton@example.org,001-584-579-0689,Jefferson LLC,Novakbury
James Holloway,jenniferbanks@example.org,564-684-0011x037,Lewis-Kelly,North Nancy
Angela Whitney,carterdavid@example.org,(659)746-7428x925,"Harper, Moore and Lawrence",Nicholasport
Jose Faulkner,lewisjoseph@example.net,507.779.8397,Holmes-Robertson,Kleinstad
Valerie Rowland,fboyd@example.com,547.646.9513x72865,"Espinoza, Holt and Brown",New Andrewchester
David Peterson,albert58@example.com,+1-732-597-7409,Cooper-Avila,West Jennifer
Kimberly Morgan,hbass@example.org,504.207.8465x1470,"Brown, Simpson and Rodriguez",Peckchester
Wesley Beck,chris83@example.org,996-460-1453,Kelly-Smith,Jonesshire
Thomas Freeman,bradcain@example.net,5699044108,Welch-Collins,Hardintown
Patrick Koch,zadams@example.org,001-272-559-3742,Vaughn-Hurst,North Patrick
Katherine Lewis,sandovalnicholas@example.org,001-745-920-7297x6360,Green Group,Carrieton
Phillip Wright,stephentorres@example.org,9247825438,Spencer-Brown,Frankmouth
Kenneth Montoya,lcontreras@example.net,4244382013,Mcbride-Pruitt,Lake Pamela
Megan Nguyen,cfrederick@example.org,8542980259,Fernandez-Cooke,Morriston
Ashley Holloway,maxtyler@example.org,548.791.1775,Wilson-Hancock,Shawfort
Ronald Cunningham,jessicamartinez@example.net,(415)627-5975x063,"Montgomery, Hughes and Bailey",North Beth
Carlos Robertson,whiteerica@example.com,689.755.6575x2487,Black Ltd,Frankchester
Francisco Calderon,jonathan72@example.net,(961)989-8721x084,White Ltd,Gardnermouth
Russell Russo,gmann@example.net,819.312.2017,Cooper PLC,Arroyoton
David Cain,mdennis@example.org,6132751148,"Washington, Pierce and Scott",Williambury
Kathryn Fox,janderson@example.org,310-343-9783x155,Barton-Edwards,Aliciaberg
Justin Thompson,tylercabrera@example.net,001-575-945-9529x029,Scott PLC,Brighttown
Glenn Frederick,robertsonalexander@example.com,580-638-4666,Wilkinson and Sons,Juliachester
Nancy Mejia,ncurtis@example.net,001-689-613-7173x858,Lewis-Wells,Lake Nancyberg
Vincent Hill,latoyajohnson@example.org,001-696-523-9653,Sanchez-Rodriguez,Watershaven
Rebecca Moore,rkeith@example.com,2059846350,West Group,Hamiltonland
Matthew Gomez,donnanguyen@example.net,001-714-779-7618,Duncan Ltd,New Aarontown
Rachel Elliott,flowersadam@example.com,324-424-3343x42795,"Mcgee, Campbell and Hernandez",Teresamouth
Alisha Nunez,kristinwilson@example.org,5004832399,"Hood, Roy and Rowe",East Lisamouth
Luis White,jennifermiddleton@example.org,588-285-5031x1152,"Manning, Green and Norman",West Stephanie
Kelly Brennan,mitchellvalerie@example.com,3678403616,Wallace-Simmons,Davisport
Danielle Pham,goldensusan@example.com,(799)223-3880,Bauer-Hicks,Rodneyville
Whitney Martin,jamestran@example.net,289.522.8492x4829,Gibson-Moore,West Sarah
Charles Caldwell,manderson@example.org,791-898-9454x1405,Henderson and Sons,East Craig
Jeffrey Chavez,julie65@example.org,343.632.3118x8730,Holmes-Keller,Lake Molly
Cole Gallegos,jessicaharvey@example.com,523-541-5477x227,Payne-Hunt,Rebeccaland
Michelle Hanson,nancy80@example.org,505-695-5304,Klein-Pham,Melissamouth
Antonio Simmons,barnesrhonda@example.net,736.397.5815x1641,Shepherd-Mcconnell,New Michael
Brittany Gonzalez,lwalters@example.com,(404)339-5872x771,"Guzman, Herman and Mclean",Robinsonhaven
Wendy Vargas,kevinjones@example.net,001-536-996-4766x24953,Griffin PLC,Baileyborough
Steve Richardson,rodney80@example.org,489-701-3044,"Pugh, Hoffman and Campos",Ingramton
Candice Frazier,crystalwebb@example.com,527.205.4190x98527,"Hoffman, Simon and Chambers",Emilyfurt
Lauren Houston,kevin51@example.org,+1-528-885-3585x2158,"Cardenas, Cannon and Hudson",Cainberg
Daniel Ray,victor01@example.com,510.877.5539,"Chen, Martinez and Benitez",Knightfort
Scott Cochran,fmurphy@example.org,608-400-0298,Sampson and Sons,East Anthony
Natalie Cisneros,tammy85@example.org,4498132067,Buck-Caldwell,Lesliemouth
Paige Johnson,griffinbryan@example.net,+1-307-477-8791x18806,Rodgers-Paul,South Zacharybury
William Wilson,erin22@example.net,(558)961-6471x028,James-Miller,Hendersonmouth
Christopher Padilla,wgray@example.com,6639907597,"Aguirre, Chavez and Klein",East Edward
Tony Fisher,udawson@example.org,001-480-997-9741x51172,Smith Ltd,Williamsburgh
Alicia Mitchell,martinmichael@example.org,001-898-656-9623,Mendoza Ltd,Nicholasborough
Vanessa Burch,zdelacruz@example.net,+1-818-218-0588,Cooper Inc,Ellisonhaven
Michael Blair,michaeljefferson@example.org,+1-577-383-7839x38054,Patel-Munoz,Evansland
Richard Washington,matthewscott@example.com,+1-323-872-1097x208,Dennis LLC,Hebertborough
Brett Riley,gutierrezpatricia@example.org,8568833936,Baird-Lozano,West Reginaldchester
John Chase,michaelmoore@example.net,774-805-8202,Bowman PLC,Reginaview
Terry Watts,katherine66@example.net,508.338.1684,Anderson-Parks,Malikchester
Kyle Hall,karen95@example.net,795.984.5913x1734,"Underwood, Taylor and Johnson",Bonnieview
Laura Mcgee,joan38@example.net,(706)925-4039x6918,"Santiago, Shaw and Briggs",New Destiny
Kathleen Reed,philliphendricks@example.com,001-255-505-5625x481,Peterson Ltd,Pearsonmouth
Mary Blackwell,brenda77@example.com,289.372.3208x28937,Perez-Bryant,East Ericland
Kevin Johnson,gortiz@example.com,001-439-881-8203x558,"Obrien, Stanley and Atkins",Churchstad
Mrs. Cindy Jordan,joshuajackson@example.com,829.243.9861,Harrison and Sons,South Kiara
David Nelson,ralphbush@example.org,8593720472,Allen-Jones,Jessicashire
Austin Reynolds,tamarafloyd@example.org,+1-875-773-3351x684,Robinson-Gray,Patelview
Julie Taylor,prodgers@example.org,+1-436-928-5035x194,"Bolton, Brock and West",New Austin
Robert Bennett,sbryant@example.org,428-585-9244x055,"Brown, Cannon and Henderson",Williamview
Antonio Perry,qmyers@example.net,723.603.9618x205,"Grant, Stewart and Davis",Port Alexandria
Perry Hart,evelynford@example.net,769-810-3492x852,Baker Inc,Rodneybury
Brooke Baker,mcconnellmichael@example.org,+1-663-869-0471,"Clark, Jackson and Best",Sierraberg
Lindsay Hendrix,howardsara@example.org,001-740-210-8845x16289,Harris and Sons,South Darlene
James Anderson,xbrown@example.com,001-554-442-3929x381,"Jones, Williams and Mcknight",Lake Susan
Danielle Wells,sandersmegan@example.net,908.978.9563x33972,Meyer-Rush,Samuelmouth
Tonya Jackson,walkertyrone@example.net,(735)700-6062x2163,Kennedy-Stark,West Katherine
Christian Hickman,lisamendoza@example.com,(264)920-4355x9284,Dunn-Lee,New Randall
Chad Thompson,davidparker@example.org,908.614.7695x585,"Burgess, Yang and Parrish",Reyesbury
Isaac Howell,greg87@example.org,905.800.2665x84275,Delgado-Pacheco,Garciamouth
Mr. Gregory Perry,zlewis@example.com,(638)765-7158,Marshall-Norton,Domingueztown
Gabriel Wolfe,ywong@example.net,+1-446-653-8149,"Barnes, Harvey and Tucker",East Jameshaven
William Oliver,amberwaters@example.org,+1-965-880-1377x66212,Glass Group,West Alexis
Joseph Adkins,elizabethsanchez@example.org,(904)312-7441x3917,"White, Payne and Estes",New Beth
Debra Green,cummingslisa@example.com,(589)912-1116,Russell-Case,Port Larry
Joe Robinson,tcobb@example.com,783.952.8454,"Lowe, Washington and Coleman",Amandahaven
Shannon Davis,audreypayne@example.net,857.854.7347x8040,"Newton, Ellis and Arnold",New Jeff
Stephanie Cunningham,lopezheather@example.org,345-216-0560x1368,"Robinson, Smith and Cole",Lake Nicholas
Ryan Travis,rfox@example.com,734-669-9901x32646,Thomas LLC,North Teresafurt
Philip Rose,hblack@example.net,+1-918-788-7024x47904,Johnson-Franklin,Greenetown
Cody Sawyer,freemancatherine@example.org,497-822-8286x2370,Williamson Inc,South Gloria
Michelle Green,aaron48@example.net,862-435-8003,"Evans, Holloway and Wiley",Lake Douglas
Alexander Peters,speterson@example.com,733.479.6563,Flores Group,Amytown
David Gill,wrightheather@example.com,(543)630-6736x011,Hull Ltd,South Savannah
Debra Vazquez,nicholas78@example.com,+1-282-824-6766,"Orozco, Nguyen and Reynolds",Brownstad
Jennifer York,whitneyhughes@example.net,(644)899-0360x4487,Acevedo Group,Nataliefurt
Rachel Lee,nwilliams@example.com,001-574-223-1401x7118,"Santana, Delgado and Green",Osbornestad
Jonathan Reed,lindsey30@example.net,(824)322-8967x142,Estrada-Gordon,Holtton
Eric Pitts,qcampbell@example.org,3389915511,"Hernandez, Sherman and Lambert",West Theresaburgh
Stephen Schwartz,ustewart@example.com,001-419-877-4294,"Woodward, Hebert and Duran",Christopherburgh
Brian Gilbert,josephdaniels@example.org,856-671-0685,"Wright, Young and Lucero",Steeleside
Ashley Johnson,allenmichael@example.org,779-462-2874,Garcia LLC,South Michael
Jennifer Howard,kharding@example.org,+1-617-880-4809x55467,Rodriguez-Norris,Port Rebecca
Andrew Ferrell,william83@example.org,633-893-1445,Schneider LLC,East Luisland
Sierra Jacobs,josephgutierrez@example.net,001-322-976-9008,White-Davis,East Destiny
Renee Davis,erivera@example.com,(579)701-2333x443,Harris-Johnson,Kendratown
Brian Torres,stricklandjuan@example.org,7867597613,"Perez, Smith and Miranda",North Amandaville
Bradley Hutchinson,roger32@example.org,001-438-909-0914,"Maldonado, Scott and Wilson",South Thomas
Crystal Ware,colemancarolyn@example.com,446.352.1619,Brown and Sons,Port Johnview
Travis Davis,thompsonjacob@example.net,(492)988-4074x7828,Mendoza and Sons,Jonesmouth
Emily Morris,taylor23@example.com,(222)716-3949,Carey-Cox,Lake David
Aaron Chapman,davidblack@example.com,+1-901-813-7232x914,"Mckinney, Lamb and Garcia",Tammybury
Anthony Smith,matthewhernandez@example.org,946.745.9505x236,"Manning, Miller and Henderson",Port Jamesland
Christopher Davis,steven09@example.net,382-886-6240,Baker PLC,Riceberg
Shawn Smith,jordan13@example.net,5992187874,Kemp and Sons,Mitchellmouth
Elizabeth Meyers,wilsondouglas@example.org,001-329-781-3046x988,Briggs Ltd,Robinsonfurt
Brittany Morrison,parkerelizabeth@example.net,750-541-8645,Holden LLC,Smithside
Joseph Gonzalez,lopezanthony@example.com,717-233-8633x749,Singh-Carroll,Lauramouth
James Miller,denisegarcia@example.net,(653)558-2400x99611,Lopez-Norton,Watsonport
Tammy Baker,adamsjohn@example.net,585-423-3265x9300,Miller Inc,Port Amandamouth
Mrs. Renee Rodgers,hendrickskristin@example.com,528-842-1585x5228,Santana-Benitez,East Tanya
Matthew Martin,lindagarrett@example.org,(453)805-9204x122,Davidson Ltd,North Elizabethbury
Eric Griffin,ztran@example.net,557.765.8673,Roberts-Harper,Kathrynville
Lisa Cabrera,walkerholly@example.com,593-986-8917,Doyle and Sons,Fordburgh
Mrs. Maureen Lee,hhunter@example.net,(865)977-1241,Young-Bradshaw,Lake Travis
Kurt Hull,kellerjohn@example.net,8944937853,"Smith, Hernandez and Colon",West Laurahaven
Scott Henson,teresa87@example.org,488-348-7098x7824,"Roberts, Howard and Hernandez",West Debraton
Maxwell Martinez,matthewsnyder@example.com,805-963-0455,Harvey Inc,Wilsonfurt
Kara Leach,lisathomas@example.net,001-301-609-4937x9863,Maldonado-Jones,New Stephenchester
Samantha Kelly,christophercarlson@example.net,(691)533-2097x858,"Burnett, Bishop and Allen",Mclaughlinview
Anna Golden,nicole20@example.com,(466)598-7517,Flynn PLC,Poncefurt
Michelle Horne,kimberlyjohnson@example.net,(431)224-0040,Jones-Lee,Nicholasborough
Johnathan Griffin,ejackson@example.org,370.638.4564x173,"Henderson, Thornton and Price",Rachelfort
Michelle Howard,jameswalker@example.org,9917736376,Small-Carter,Gonzalesport
Kyle Wood,wthompson@example.net,333.880.7490x51234,Martinez Group,West Connie
Andrea Evans,alvaradodanielle@example.com,+1-222-391-1400,Smith-Williams,Shepherdmouth
Christopher Mcdowell,michael48@example.org,397-515-6837x1531,"Macias, Moore and Wilson",Danielchester
Alexandra Peck,timothy21@example.net,382-774-0371x7878,Gutierrez PLC,Leahstad
Aaron Hill,michael00@example.net,442.486.3522x3281,Church Group,East Alexandriabury
Michael Garcia,gcombs@example.net,630-988-5578x189,Scott-Woodard,Adriennechester
Amanda Ward,sara10@example.com,001-769-234-1367x6326,Moore Ltd,Ryanmouth
Trevor Conrad,mauriceolsen@example.org,(700)610-5210x0515,Nelson-Welch,Morrisburgh
Andrew Johnson,jeremy52@example.com,001-465-851-8974x7119,"Zuniga, Knight and Ross",Tamarachester
Amy Hobbs,charles89@example.org,839-649-0962x69636,Compton LLC,Lake Jill
Megan Moore,brianlee@example.net,+1-455-898-7566x17349,"Reyes, Mueller and Murray",North Cameron
Collin Hall,johnny06@example.net,(207)208-8641x939,Hall-Ortiz,North Dana
Daniel Smith,emilysims@example.com,220.910.0373,Ford Ltd,Port Vanessa
Sergio Carter,zflowers@example.org,971-617-7481,"Rodgers, Garza and Adams",New Lisashire
Jennifer Peters,jesse26@example.org,+1-684-231-0920x026,Flowers Inc,Greenside
Robert Davis,hendersonpaul@example.org,523-897-3762,Carpenter PLC,New Danielle
Amanda Ashley,connie73@example.net,885-957-3829x1681,"Kirk, Hill and Bailey",Autumnhaven
Jamie Gonzalez,austin39@example.com,001-888-419-7266x4867,"Rivas, Johnson and Dixon",Thomasport
Christopher Smith,cainjessica@example.org,(493)892-3061,Jefferson LLC,Lake Toni
Hannah Robinson,julia89@example.org,(726)323-6129,"Brown, Mitchell and Hernandez",Whiteside
Alexander Ho,lindseythomas@example.org,+1-348-388-8840x8859,Morris-Baker,New Loriberg
Brianna Schmidt,ahanson@example.org,356-279-5901x29819,"Simmons, Horton and Greene",West Sabrina
Natalie Meyers,duranheather@example.com,570-358-7117x78930,Brooks-Mahoney,East Joseph
Aimee Riley,rking@example.net,+1-701-771-6853,Ford-Garcia,Christinaburgh
Ashley Glover,wlarson@example.com,+1-923-498-7202x453,Hansen-Mccoy,South Andrew
Steven Delgado,isabella59@example.org,950-459-3014x19823,Henderson PLC,Lake Mitchell
Amanda Stephens,baguirre@example.net,608.880.0729,Huerta-Lee,Port Melinda
Adrian Estes,luis84@example.org,+1-416-586-1978x7263,Murray PLC,Caitlinview
Wesley Mclaughlin,ashley63@example.com,567.741.6828x4006,"Joseph, Wood and Campbell",North Neilview
Teresa Baker DVM,anthony48@example.org,386-950-4148x35506,"Cannon, Cobb and Garcia",Amandashire
Thomas White,lopeztracy@example.net,+1-236-227-7945x2092,"Charles, Mason and Butler",North Jeffrey
Paul Williams,michaelbaker@example.net,(419)889-9550,Simpson-Woods,West Brooke
Beverly Cox,jamescopeland@example.com,(527)301-5664,"Wilkins, Lewis and Evans",North Jasonstad
Dana Garrison,kaylajohnson@example.net,(266)753-8568x16715,"Russell, Brown and Edwards",Wileymouth
Jennifer Delgado,sarahfarrell@example.org,547.843.5521x32038,Hernandez-Malone,Huffhaven
Emily Williamson,rachael87@example.net,(529)904-1673,"Snyder, Gordon and Munoz",North Jamesborough
Adrian Nielsen III,bradleyholloway@example.com,+1-709-598-9967x84398,"Schroeder, Rodriguez and Dominguez",Josehaven
Deanna Jones,randall38@example.net,551-347-5884x4044,"Fisher, Casey and Taylor",Robersonhaven
Olivia Miller,jorge17@example.org,516-498-4500,Lee-Arnold,Port Kelli
Susan Mcintosh,matthewbush@example.net,678.340.7102x209,Whitney Inc,Angelaside
Katelyn Gibson,john33@example.org,(877)387-0837,Weiss Ltd,Louisshire
Patricia Duke,williamsdavid@example.com,8935340946,Graves-Jones,Moorebury
Anthony Johnson,daveobrien@example.com,590-995-9181,Stone PLC,Lake Richardbury
Katherine Hamilton,dalvarez@example.org,001-731-834-8586x8120,Carpenter Inc,South Barry
Melody Quinn,opruitt@example.org,+1-608-941-5085x386,"Miller, Wu and Lewis",New Claudiamouth
Pamela Castro,feliciatorres@example.net,704.998.5478x9560,"Mccullough, Alexander and Cohen",West Katieberg
Darryl Jones,jeremiahjohnson@example.com,807.989.8907x617,"Livingston, Mills and Calhoun",New Jessica
Andrew Fox,jessicaferrell@example.org,+1-346-201-2910,Perez Ltd,West Stephen
Kurt Steele,gmorris@example.org,+1-552-878-8766x54793,Mooney-Bird,Kathyville
David Brown,xtaylor@example.net,+1-217-264-0070,Jordan Group,Gonzalezview
Jessica Salinas,michael35@example.org,+1-999-207-7849x4096,Ford-Richard,Michaelview
James Davis,bennettthomas@example.org,790-783-2652x881,"Mason, Ayers and Rhodes",Lake Wendy
Alexander Riddle,lmays@example.org,(877)595-8821,Johnson-Flores,Beckport
Troy Hull,williamshaw@example.org,001-508-426-9362x5307,Mccann Inc,West Christopherburgh
Erica Wilson DDS,millsmelissa@example.com,753.886.0139x0705,"Lowery, Bates and Fletcher",Marialand
Derrick Smith,fskinner@example.org,+1-765-739-6450x4699,"Knox, Cook and Carey",Michaelmouth
Anthony Harrison,grimesnicole@example.com,425-465-0014x5040,Newman LLC,Masonmouth
Michael Salinas,jessica22@example.net,+1-779-274-9242x56567,Graham PLC,Michaelmouth
Mrs. Veronica Duncan,travis84@example.com,8313628504,"Herring, Turner and Lopez",West Charles
Dominique Wall,ambercampbell@example.org,+1-746-808-2996,Jenkins LLC,Port Michaelstad
Donald Perez,ehays@example.net,769.797.9486,Irwin Group,Lake Clayton
Kendra Salas,carterjason@example.com,001-896-875-3052,Wheeler LLC,Thomasville
Steven Woods Jr.,nicole75@example.org,001-853-351-7207x70043,Davis-Adkins,South Cherylside
Mark Kerr,benjamin23@example.com,457-242-1229x43732,Hill Ltd,Port Steven
Brenda Gomez,kevin75@example.com,582.309.9505x68841,Mcdonald-Oliver,North Steven
Alejandro Wright,ehutchinson@example.net,203-286-8955x807,Miles-Webb,Brownhaven
Troy Wolf,melindasmith@example.org,410-701-1867x8536,Payne Inc,Ryanshire
Olivia Stephens,george96@example.com,+1-878-493-9724x3696,Glass-Jones,Jonesborough
Neil Hebert,carlrobinson@example.com,975.890.4842x17809,Cohen PLC,Lake Danielview
Alejandro Anderson,nguyenfrank@example.net,646-608-0189x547,Whitaker-Prince,Glenburgh
Michael Larson,warrenlarry@example.net,326.396.9484x70543,Peterson Ltd,Dudleystad
Ryan Thomas,dheath@example.org,(392)491-2221x285,Miller-Lewis,East Tina
Amber Thompson DVM,richard14@example.com,(225)689-7735x49644,"Thornton, Brown and Webster",Port Matthewmouth
Rachel Allen,jonathanrivera@example.net,001-643-971-2726,Chase-Flynn,Johnmouth
Jodi Bartlett PhD,franklinbarry@example.net,955.680.9270,"Riley, Salinas and Davis",Jennaton
Kevin Santana,smarquez@example.net,(857)414-4093,"Zhang, Smith and Cervantes",North Daniel
Jerry Moore,hburke@example.com,642-264-0201,"Lewis, Edwards and Jackson",Benjaminland
Michelle Sutton,tmurphy@example.net,249.361.9967x9285,Chang-Parker,South Debra
Julie Boyd,wwillis@example.org,657.248.8631,Berg LLC,West Andreahaven
Elizabeth West,fitzgeraldchristopher@example.com,+1-547-716-3794x7839,Robinson and Sons,Lake Shannonfort
Douglas Lopez,crawfordanthony@example.com,7425656297,Yoder Group,Richfort
Michael Garcia,clarkmonica@example.org,762-969-5582x1480,"Montgomery, Reynolds and Robinson",West Johnathanville
Robert Whitehead,mcculloughmichael@example.net,+1-486-698-5771,"Hernandez, Cisneros and Burnett",Michaelville
Andrew Hicks,nriley@example.net,533-202-5606,Thomas and Sons,West Kimberly
George Franklin,fbooker@example.net,857.471.1072,"Marks, Atkinson and Hernandez",Robinsonville
Brenda Foster,dianaross@example.net,216.678.1398x29574,White Inc,Port Pamelastad
Catherine Lewis,mooregeorge@example.com,383-261-6598x0328,Baker Group,Flowersfort
Steve Powers,lsmith@example.com,691.937.6471x49375,Adams LLC,Brittanyside
Douglas Foster,wanda08@example.com,(460)322-0165x1670,Blake-Oconnor,Baileyborough
Heather Savage,jonesandrew@example.com,9225203543,Rodriguez LLC,New Karentown
Laura Bailey,twarren@example.org,+1-523-825-3875x4484,"Perez, Howard and Gamble",Williamville
Alyssa Walters,lpage@example.com,(289)509-1251x97274,"Cruz, Estrada and Kaiser",New Brittanychester
Derrick Murray,jeremyalexander@example.com,(653)663-9027x50458,Gardner-Perry,Shawnfurt
Kelly Richardson,glennjeffrey@example.com,(304)761-0997,Ramsey-Mckee,Port Kayla
Alexander Young,larrybrewer@example.org,627-765-6126,"Daniels, Price and Weber",Austinside
Deborah Juarez,david95@example.org,827.720.7959,"Lindsey, Reid and Gardner",Kevinborough
Kristi Reeves MD,klloyd@example.org,+1-807-255-7400x92989,"White, Collins and Warren",Frenchland
William Kennedy,allisonortega@example.net,800-928-9999,Jacobs PLC,Susanland
James Obrien,rchen@example.net,263.985.3813x2815,"Wilkins, Valenzuela and Galvan",Roberttown
Amy Cummings,lynnreynolds@example.net,914-633-5970x45605,Hall-Carter,Woodsberg
Micheal Smith,lisa27@example.org,3305010947,Bennett Group,Caldwellberg
Joseph Jordan,sonya78@example.org,+1-835-480-3965,Baldwin-Bell,Josehaven
Mr. Darren Hale,vholloway@example.net,678.678.3274,"Perry, Navarro and Gomez",New Virginia
Kelly Mata,wholder@example.org,(629)894-5155x93042,Hayden-Wilson,Dixonport
Catherine Lee,tiffany69@example.net,892.434.3996x1073,"Wolfe, Stewart and Ford",Michaelberg
Lisa Ruiz,jamiejackson@example.net,241-911-5518,Miller LLC,Smithmouth
Debbie Rodriguez,denisejohnson@example.com,851-986-9183x43305,Lopez-Kelly,East Samantha
Marcus Sullivan,ymartin@example.net,(886)473-7379,"Gutierrez, Schroeder and Price",Fritzfort
Christina Watson,egordon@example.org,870-388-8541x29075,"Holmes, Morgan and Roth",Port Lori
Ivan Hobbs,marcyates@example.org,995-452-4307x035,"Watson, Franklin and Howell",Garrettland
David Gutierrez,randy47@example.org,9094119116,Olson and Sons,New Juanhaven
Brian Long,ohill@example.net,550-554-5404x46930,"Elliott, Nielsen and Rubio",Port Josefurt
Melissa Clark,floydcharles@example.net,(692)541-9416,Foster-Ortega,Smithland
Nicholas Thompson,makaylavaughn@example.org,(963)457-8749,Booth LLC,Martinezchester
Molly Castillo,tlopez@example.net,4102235125,Pearson-Reynolds,North Lisabury
Bradley Krause,feliciaevans@example.com,511.787.6008,"Mcguire, Livingston and Estrada",Port Josehaven
Paula Farley,joseph27@example.com,(668)950-3782x828,West and Sons,Arnoldstad
Clifford Hood,hallhector@example.com,7483351670,"Dyer, Peterson and Neal",Hunterville
Candace Skinner,debbiepena@example.org,+1-527-487-4202x80244,"Murphy, Blackwell and Ballard",Shepherdmouth
William Hayes,zramirez@example.net,774.948.8522x303,Allen-Anderson,West Oliviafort
Wendy Jones,weeksandrew@example.org,001-562-569-4661x5122,Terry-Diaz,Perezton
Belinda Rivera,laura16@example.com,(802)906-3606x236,Paul Ltd,Samuelchester
Beth Gonzalez,nancykelly@example.net,398-557-2240x62513,"Ross, Flowers and Gomez",North Kathrynfurt
John Solis,vbest@example.net,001-319-738-2865x6054,Lee-Martinez,New Ashley
Timothy Griffin,cooperbilly@example.com,496-262-5147x15045,"Smith, Bird and Carter",South Joanna
Lauren Carter,spencer44@example.com,001-276-851-1647x1274,"Gardner, Burns and Hinton",New Douglas
Gabriel Martinez,julia56@example.org,(671)691-4875x03548,"Norris, Bond and Williams",West Justinfurt
Joshua Jackson,ltaylor@example.net,(705)515-6211x71803,Lopez-Craig,Jenniferport
Felicia Owen,lawrence94@example.org,+1-852-868-9047x4242,Alvarez Group,Wallermouth
Jason Wolf,fgarcia@example.net,(905)652-8008x321,"Petty, Miller and Spears",South Barbaraberg
Marisa Rivera,wgomez@example.net,(882)898-4762,"Green, Thomas and Sandoval",Millermouth
Kelly Thomas,christine27@example.org,665.626.2958x1836,Schmidt-Galloway,Annchester
Megan Hartman,smithkimberly@example.org,2633345546,Lawrence LLC,Tylerfort
Theodore Thomas,lindawagner@example.net,434.203.8278x18355,Hodge-Gamble,South Kevinland
Peter Bates,amberlopez@example.net,788-987-8480x644,Hinton-Faulkner,Munozland
Melvin Williams,alexandriasullivan@example.org,(936)754-2707x03027,"Mccormick, Davis and Cruz",Allisonmouth
Kenneth Jones,chadwoods@example.net,(580)284-5972x20435,Carpenter-Fernandez,New Williamside
Rachael Martinez,davisdouglas@example.org,309.434.4006,Thompson-Huff,Robertsville
Marc Barnes,jamestimothy@example.org,582-479-7949x09668,"Wood, Miller and Morgan",Andersontown
Brooke Black,brady88@example.com,001-549-678-3219x67818,Harper Ltd,Gardnerton
Frank Chen,jamesguzman@example.net,+1-667-819-2044x839,"Evans, Park and Cannon",Lake Jennifer
Jamie Morris,bgarcia@example.org,626-792-5931,"Freeman, Baldwin and Webb",Heathermouth
Kristina Smith,terickson@example.org,+1-234-997-8571x81311,"Williams, Clark and Brown",Kinghaven
Stuart Buchanan,padams@example.com,+1-584-979-7798,Castillo-Everett,West Christianmouth
Kari Harrington,matthew45@example.net,530.500.8134,Gould-Dean,Mooreland
Tamara Norton,bchapman@example.com,751.424.4191,Cooper-Brown,West Joseph
Victoria Williams,christensendebra@example.org,637-420-7030x7900,"Smith, Jenkins and Reed",Lake Sarah
Tiffany White,olivertiffany@example.com,(688)777-8943,"Collins, James and Rodriguez",Jenkinsmouth
Kristen White,robert11@example.com,+1-396-309-5480x54883,"Becker, Nguyen and Garza",Ericahaven
Steven Dickerson,jlee@example.org,001-954-359-8253x085,Irwin Group,Port Jeffrey
Miranda Wells,clarktimothy@example.net,802.598.3058,Jensen-Davidson,South Danielfort
Megan Hernandez,stephaniehall@example.net,(735)332-1797,"Mitchell, Swanson and Griffin",Amberborough
Ashley Acosta,tlong@example.org,518-750-0931,Grant-Hunter,Port Michele
Lori Francis,brownandrew@example.net,+1-804-987-9446x884,Cline LLC,North Seanborough
Melissa Greer,smithdenise@example.org,(901)385-7738,Kaiser-Sims,West Deborah
Ashley Wallace,sdawson@example.com,001-425-285-8648x54967,Perez PLC,North David
Crystal Brown,pfigueroa@example.org,(677)302-8824,Mcclure Ltd,Chelseaville
Jeremy Perry,sherrysummers@example.org,893.238.4138x24098,"Villarreal, Hunt and Smith",Spencerville
Haley Johnson,wisecharles@example.net,+1-970-530-4082x8323,"Dawson, Mcpherson and Choi",West Christineton
Evelyn Wyatt,john52@example.com,485-681-0038x86468,Russell-Booker,Port Johntown
Donald Burns,sfreeman@example.com,581-732-2669x99231,"Taylor, Green and Wells",Hoganstad
Brian Fuller,michelle82@example.net,579.893.3304,"Moore, Jackson and Nichols",Scottton
Victoria Cuevas,elizabethmarshall@example.org,+1-729-827-4928,Davis-Ramsey,East Jerryfurt
Michael Fritz,christianconway@example.org,001-476-437-4904x02689,Gonzalez-Lewis,Lake Sarah
Hannah Fisher,sjames@example.com,538.217.6767,"Romero, Cook and Patterson",Payneburgh
Justin Johnson,erica05@example.net,377-907-4766x2481,"Phillips, Brooks and Clements",Parsonsburgh
Michael Miller,williecollins@example.org,385-891-4170,Haas-Snow,Lake Austinside
Jon James,katie59@example.com,4762913220,Carroll Inc,Jacquelineport
Gregory Mcdaniel,oliverdavid@example.com,001-380-523-6514,"Higgins, Williams and Anderson",West Melissastad
Jesus Martin,davismadeline@example.net,392-502-3310x43537,"Miller, Wilson and Mendoza",Sarahstad
Megan Mccall,andrewmyers@example.com,(734)948-6944,Fletcher and Sons,Sharonland
Jacob Bush,burtoncaroline@example.com,402.645.3485x8846,Johnston-Sloan,North Jasonfort
Rebecca Chambers,ldavis@example.net,001-922-585-7257x0525,Kim-Carr,Williamsmouth
Leonard Cox,sandrade@example.org,228-690-5078x7460,Martinez-Johnson,East Robert
Andrew Farrell,martinezpamela@example.net,(843)619-3549x613,"James, Knight and Harris",East Shannon
Thomas Miller,thomas57@example.net,+1-242-773-3223x351,Weaver Ltd,Williamsfort
James Parker,brandi24@example.net,4166507909,Scott Group,North Natalieborough
Cassandra Baxter,julia31@example.net,+1-862-364-7632,Finley-Ferrell,Davidside
Megan Bolton MD,bbutler@example.com,001-783-651-2336,Curtis-Mccoy,Lake Tyler
Tiffany Andrade,angelamiller@example.net,799-320-6392x97645,Yang-Johnson,West Carolyn
Rachel Patel,courtney78@example.com,(352)828-7122x200,Clark and Sons,South Daniel
Sergio Rodgers,barrondanny@example.org,408-289-4936x85753,"Mcneil, Fernandez and Scott",Blevinston
Samantha Bowen,dalejones@example.com,001-290-960-9769,Wilson Group,East Jenniferland
Abigail French,blairkelly@example.net,989-330-1254x2306,Gonzalez-Ferguson,West Jonathan
David Johnson,lholland@example.net,238-787-9369,"Nolan, Brennan and Garcia",Lake Christina
Erica Sweeney,griffithtanya@example.com,(482)758-5141x709,Morales-Irwin,Patriciaberg
Troy Mcdaniel,xpratt@example.org,(927)804-8749x844,Wells Inc,Lake Dean
Seth Singleton,rivasrobin@example.net,001-310-875-5158,"Wise, Huffman and Olsen",Port Lisa
Dean Haas,penningtonjacob@example.com,(644)354-1758,Robinson Group,North Isaiahmouth
Cynthia Castro,scottleroy@example.com,926-335-0993,"Williams, Sanchez and Smith",Port Laura
Mark Morris,ricardoharrison@example.com,001-290-580-6480x685,Harmon-Wong,North Matthewhaven
Stacy Jones,coopernicholas@example.net,001-551-694-4296x149,Gilbert-Martin,Davisview
Marc Daugherty,porternicole@example.net,001-478-573-3579x945,Harris PLC,East Cindy
Samuel Simon,leblanctara@example.org,(366)820-8002,Friedman-Herrera,Tammyfurt
Kristin Wyatt,pamela90@example.org,+1-647-259-6416x801,Lee-Bolton,Mackchester
Virginia Kim,cameron92@example.org,001-803-224-1991x46612,"Crane, Evans and Scott",Annaside
Bradley King,xjones@example.org,(306)523-0674x2423,Patel Group,East Kimberly
Erin Simpson,ygolden@example.com,712.481.9744x4556,Rios-Curry,Charlesburgh
Garrett Moore,turnerrodney@example.net,(716)924-2773x9368,"Rasmussen, Jones and Gonzalez",New Roberthaven
Rachel Torres,zlynch@example.org,346.997.1749,"Lee, Chen and Graham",Jasonchester
Barbara Mann,dpeterson@example.com,448.827.2295x8083,Johns-Stevens,Wileyshire
Ashley Lee,twalker@example.org,509.432.2143x2231,Bowman-Myers,North Brandi
Andrew Blair,dorothybailey@example.net,278.269.6165,Nguyen Ltd,Port Joseph
James Jennings,gomezpatricia@example.com,+1-991-252-1746,"Warren, Koch and Kelly",Lloydport
Gregory Riggs,wdiaz@example.net,001-395-964-9472x3330,Miller and Sons,Danielhaven
Jennifer Davis,johnsondaniel@example.com,(368)630-0975,Day Group,Whitebury
Jill Maxwell,robertjones@example.org,(472)961-6679x43529,Cross LLC,East Nicholaschester
Timothy Foley,michaelwilson@example.com,+1-396-726-0534,Lopez-Chambers,Port Christinahaven
Jennifer Robinson,jeanette41@example.com,001-874-382-9456x16101,Berg-Park,Ronaldburgh
Erik Spencer,brittany50@example.com,001-428-809-3857x976,"Walker, Bennett and Jordan",East Jennifer
William Richard,boydchristopher@example.com,(361)239-9646x8503,Richards-Ortiz,South Alexhaven
Dominique Young,ucastillo@example.com,250-898-4699,Watson and Sons,West Jill
Kimberly Petty,qcarson@example.net,748-752-1639x900,Wilkinson and Sons,West Autumnmouth
Steven Rivera,angela32@example.net,363.349.2006,Day-Torres,Blackburnmouth
Deborah Thornton,morganmelissa@example.net,+1-240-547-9757,Quinn-Morrison,Ginamouth
Christina Robinson,jeffrey76@example.com,001-247-490-4792x23306,Cochran-Nielsen,South Anthony
Brandy Hunt,janerice@example.com,(980)313-5780x14483,Guerrero-Gonzalez,Diazport
Michael Campbell,douglasmann@example.com,973-415-9108x7121,Wade Group,North Connie
Susan Schmidt,hsavage@example.net,001-646-366-2029x46323,Boone LLC,Lake Adamburgh
Blake Foley,xhunt@example.org,999.805.0160x154,Vaughn-Tucker,West Angela
Rebecca Cook,garnerjason@example.net,802.869.1826x41705,Baker Ltd,Robbinsburgh
Benjamin Garcia,qperry@example.net,(246)980-0921x0335,"Garcia, Freeman and Allen",Grayshire
Amy Coleman,kathychandler@example.org,001-338-367-8677x623,"Bruce, Fritz and Gonzalez",Lake Tiffany
Melissa Duncan,waynecollins@example.net,+1-247-995-2135x883,Smith-Collins,Lake Devin
Gregory Patterson Jr.,loganhall@example.com,001-728-460-9088x5606,Harrison-Castro,West Deborahhaven
Lisa Key,joy17@example.org,779-898-6238x6385,"Martinez, Knight and Lewis",North Karen
Olivia Bailey,sandrews@example.org,338-251-7320x040,Vargas Ltd,North Brittneybury
Michaela Collins,gjoseph@example.org,+1-661-630-8442x949,Frazier Group,Port Joanburgh
Brett Roth,gpetty@example.com,721-406-6322x26910,"Brown, Bailey and Houston",West Diana
Kyle Cooper,madison19@example.org,(711)408-4741x5050,Short Inc,Port Jennifer
Robert Miller,floydheather@example.net,744-845-6363,"Thompson, Salas and Stone",West William
Eric Craig,sergio95@example.net,894-341-1206,"Morales, Love and Ali",Johnsontown
Elizabeth Diaz,derrick49@example.org,230.398.8295,Ford Ltd,Port Ernestchester
Tamara Jordan,ythomas@example.org,001-527-511-8810,"Hughes, Travis and Mcguire",Stoneview
Megan Orr,msmith@example.net,279-712-8921x195,"Ewing, Blackburn and Stevens",Huynhside
Cynthia Lawrence,yjohnson@example.com,477-980-3656x877,Miller-Hendrix,Marksville
Mark Wiley,nicolewalker@example.org,606.778.5991x296,Allen PLC,Lake Caitlin
Tamara Fischer,christopherbecker@example.com,963.274.2398,Crawford and Sons,North Rickymouth
Brent Lee,riverakimberly@example.net,001-500-272-8744x879,"Brown, Simon and Sherman",Amyfort
Louis Saunders,johngarcia@example.org,739-989-1668x73940,Dougherty LLC,Brittanyville
Brittney Mills,phillipschristina@example.com,519.785.3267,Saunders-Cox,South Arthurmouth
Andrew Wilkins,eric60@example.com,984-422-8152,Moore-Weaver,Joemouth
Belinda Singleton,nmarquez@example.com,+1-973-584-2630x4646,"Gilbert, Cowan and Hughes",Lake Dominicville
Sara Cooper,michael19@example.org,(498)255-1998x86816,Knox-Johnson,West Andrew
Kathleen Faulkner,cortezfrank@example.org,757.867.0402,Anderson-Reyes,North Julie
Stacie Ortiz,emily44@example.org,(443)329-0959,Young-Wright,New Catherinetown
Michael Maynard,taylorruben@example.net,001-679-699-7477x0435,"Ellis, Lopez and Ryan",Lake Gabrielchester
James Horton MD,ginaalexander@example.net,521.920.5507,"Day, Green and Stephenson",Jacksonview
Lindsay Hubbard,xpetersen@example.com,+1-884-856-3682x6399,Haney-Allen,Powersport
Gregory Schmidt,leeperry@example.net,471-897-2839x2464,"Rivera, Murphy and Williams",Amberchester
Alexander Peters,mollyjones@example.net,278.670.9439,West-Burton,Christinaburgh
Bradley Leon,michael18@example.com,7807084123,Vargas-Leach,Jesseview
David Johnson,czuniga@example.net,460.290.0790,Welch-Hunt,Jamesberg
Cheryl Hunt,joshua14@example.com,9288608058,Barnes LLC,Justinshire
Tracy Hernandez,williamsmarissa@example.org,785-956-0314,"Durham, Morton and Patterson",North Stefanie
Jessica Soto,ricky43@example.org,(211)914-9147,"Berry, Rodriguez and Holder",East David
Erin Cervantes,adrian76@example.org,+1-890-360-1878,Sanchez Ltd,Millerport
Kiara Austin,iwu@example.net,860.259.5605x133,"Yates, Hess and Navarro",North Bobbury
Ricky Lopez,gmiller@example.net,+1-833-647-7713x81339,"Gillespie, Miller and Jones",West Jennifer
Kathleen Adams,jeffrey87@example.com,898.858.1986x743,"Meadows, Evans and Stewart",North Gailmouth
Christina Dunn,jessica14@example.net,370.492.6493x6103,Williams-Price,Keithview
Crystal Oneal,gravessally@example.org,+1-913-410-9227x45737,Sherman-Mathis,Camposport
Lori Li,awilliams@example.org,(467)761-0803x4911,Jackson PLC,Travisview
Tamara Chung,lindabowman@example.com,001-953-701-0815,"Ramos, Rowland and Daniel",New Isabellatown
Chad Hicks,kelliwade@example.net,212-812-8183x435,"Park, Gomez and Martin",Shawnfurt
Sarah Carey,amandacook@example.com,665-292-4039,"Martin, Mata and Le",Lake Joseph
Thomas Hicks,briannaespinoza@example.net,+1-656-692-5196,White-Jacobs,East Patriciaton
Mr. William Fuentes,gonzalezmichael@example.org,(682)860-5812,Hatfield-Smith,Karenland
Abigail Hansen,emoody@example.com,289-528-3720,Moore-Richards,Port Jamesmouth
George Conner,ohernandez@example.org,+1-748-837-7343x178,James-Giles,Whitneyfurt
Stephanie Wood MD,rkoch@example.org,391-631-5565x82323,Johnson LLC,Lake Taylor
Michael Graham,matthewevans@example.net,001-394-618-7198x344,Scott PLC,Adamsside
Joseph Lewis,michelleowens@example.net,504.597.2014,"Aguirre, Briggs and Contreras",Ruizfort
Reginald Bailey,iperkins@example.org,001-687-527-2675x347,"Turner, Wood and Cannon",Cynthiatown
Jennifer Brady,allencaleb@example.net,6568085693,"Powell, Robles and Washington",South Cory
Todd Logan,jennifer77@example.com,294-488-7090,Rios-Huang,Gonzalezville
William King,tamaramiller@example.org,410-671-0780,Mason and Sons,East Maryton
Steven Myers,tamarahall@example.net,(470)295-4687x78737,"Pearson, Hernandez and Brown",West Lisa
Jonathan Snow,jeannecarter@example.com,935-782-1280x0341,Morris Ltd,New Oliviaborough
Amy Clark,grayjoel@example.org,001-922-852-7847x18438,Knox-Boyle,Lauraburgh
Laurie Cortez,hrivera@example.net,001-808-228-6062,Garcia-Salinas,East Michelle
Kathryn Clark,tbenson@example.org,572.345.5807,Spence-Brewer,Kingport
Mrs. Stephanie Rose,pamelarivera@example.org,930.405.9276x567,"Lang, Rhodes and Anderson",Ericville
Bryan Avila,victoria18@example.net,(455)335-1690,Graves Group,Caldwellton
Spencer Clements,rburnett@example.net,492-345-0218x46409,"Harrison, Johnson and Salazar",Priceborough
Troy Johnson,bearddanielle@example.com,2077713785,Cook LLC,Owensfurt
Deanna Henderson,eugenehunter@example.net,993-505-7898x76591,Huffman Group,Whitebury
Jason Short,jose91@example.com,720.551.0075x53635,Floyd PLC,Lake Jessicafort
Michael Williams,amandamiller@example.net,646-662-0037,Garner LLC,Karentown
Jeffrey Smith,malonecrystal@example.net,616.645.0985,"Shelton, Friedman and Reynolds",New Keith
John Martinez,johnsonmercedes@example.net,327.994.2599x4516,Nichols-Myers,Parkerhaven
Kenneth Bell,qgallegos@example.org,842-651-3028x17203,Williams Group,Lake Jessica
Paige Mckee,phillipyoung@example.org,001-202-772-6229x05481,Gibbs-Curtis,Port Kristina
Michael Smith,wadebrandon@example.org,233-584-7094x4977,Stewart-Hernandez,West Damon
Charles Kelly,ryankelli@example.org,+1-318-595-1328,White Inc,Lake Megan
Renee Sawyer,jamesperkins@example.com,(280)390-3093x9923,Pena-Brewer,Romanville
Matthew Duran,manderson@example.net,001-815-423-2752x85443,Brown Ltd,Lauraside
Chad Walker,jonesfrank@example.com,(675)524-0555,"Lopez, Atkinson and Maldonado",Muellermouth
Andrew Smith,kellyroy@example.com,001-635-881-7845,"Phillips, Hayden and Moore",New Mary
Sandy Dixon,rgreen@example.com,+1-800-721-0300,Thompson and Sons,Stonestad
Jamie Kline,fgomez@example.net,+1-997-906-0058x993,"Haynes, Campbell and Khan",Hartmanshire
Mark Nguyen,higginskiara@example.org,+1-589-614-4559x0267,Erickson LLC,South Emily
Antonio Byrd,cherylharris@example.org,+1-814-584-3239x365,"Harris, Olson and Christian",Lauraland
Maria Lawrence,abbottsamuel@example.org,956.747.1094,Travis-Lynch,New Lisa
Melissa Park,olsentonya@example.net,(644)434-6062x1433,Schmidt Group,Port Justin
Gary Miles,rburgess@example.com,677.889.5084,Garcia-Lopez,Port Kristinaton
Curtis Lee,melinda65@example.org,454.834.0231,Sweeney-Phillips,New Jason
